pole,eq_lon90,eq_lon135,eq_lon180
0,0,0,0
0.00677971947373935,0.00491340476374017,0.0048591203177303,0.00338285359071887
0.00855281856259017,0.00619851535820897,0.00612509059097997,0.00425866231069649
0.00980297180541004,0.00710466665527239,0.00701489003666905,0.00487099116007076
0.0108032055707433,0.00782971671868259,0.00772463756209642,0.00535686887449958
0.0116520376569015,0.00844505871326291,0.00832515219857615,0.00576583430696645
0.0123976341791375,0.00898559674639045,0.00885108268558428,0.00612215166066945
0.0130675724689335,0.00947131471382565,0.00932228115305907,0.00643973844176016
0.0136792853835724,0.00991484512026925,0.00975130597103262,0.00672740839857693
0.0142445738518479,0.0103247392240484,0.0101466644489695,0.00699113864773001
0.0147718388199955,0.0107070844687571,0.0105144172100172,0.00723519192870516
0.015263994770373,0.0110642483643912,0.0108567588715199,0.0074614976892789
0.015723269779778,0.0113980408062533,0.0111753568594168,0.00767151596236291
0.0161543096956434,0.0117117570714313,0.0114735279197584,0.00786746612683652
0.016560783735749,0.0120080026660279,0.0117538940182725,0.00805110835278689
0.016945646719546,0.0122888777512991,0.0120185683789073,0.00822386517107677
0.017311317710655,0.0125561030201312,0.0122692823564265,0.00838690477398017
0.0176598053775033,0.0128111081707041,0.0125074745517113,0.0085411997637913
0.0179927982224189,0.0130550956727401,0.0127343550067354,0.00868756962249704
0.0183117309645609,0.0132890877364278,0.0129509524694068,0.00882671207795575
0.0186178343239449,0.0135139615728534,0.0131581498642647,0.00895922670789254
0.0189120374347618,0.0137305216637928,0.0133568286924294,0.00908614548709607
0.0191951495056856,0.0139394696005849,0.0135477588474462,0.00920837749357663
0.0194680068490946,0.0141413790340974,0.0137315073819257,0.00932624694681275
0.0197313473711916,0.0143367568550857,0.0139085757638945,0.0094400425347739
0.0199858258728384,0.014526053458873,0.0140794099068435,0.00955002257455763
0.0202320264411759,0.014709671080036,0.0142444083220043,0.0096564192535813
0.0204704725779084,0.0148879706209228,0.0144039288036438,0.00975944214310808
0.0207016355477166,0.0150612772923783,0.0145582939563165,0.00985928113047139
0.0209259413131207,0.0152298853086938,0.01470779579917,0.00995610888289406
0.0211437763364868,0.0153940618227789,0.0148526996281605,0.0100500829308435
0.021355490729216,0.0155541254284349,0.0149933855409624,0.0101417105547426
0.0215614042722263,0.0157103673988718,0.0151302021727274,0.0102314597908274
0.0217618115889129,0.0158629830652872,0.0152633378551574,0.0103194153306973
0.0219569833626014,0.0160121521649086,0.0153929661048183,0.0104056559123059
0.0221471689428504,0.016158040508761,0.0155192471853101,0.010490254882445
0.0223325986002345,0.0163008014285474,0.0156423294651047,0.0105732806932028
0.0225134854856164,0.0164405770372084,0.0157623506026565,0.010654797341583
0.0226900273397013,0.0165774993315321,0.0158794385847881,0.0107348647600013
0.0228624079905359,0.0167116911602358,0.0159937126398652,0.0108135391641739
0.0230307986700991,0.0168432670769559,0.0161052840436541,0.0108908733639172
0.0231953829514649,0.0169723904252874,0.0162143629136255,0.0109671508358052
0.0233563325548699,0.0170992140159111,0.0163211466075977,0.0110426381109245
0.0235137854097155,0.0172238267031157,0.0164257181380762,0.0111173599539249
0.0236678709227064,0.0173463119746518,0.0165281556311711,0.0111913399224325
0.0238187106882358,0.0174667483891196,0.0166285327150766,0.0112646004460302
0.0239664191248493,0.0175852099689003,0.0167269188699506,0.0113371628987921
0.0241111040469373,0.017701766554004,0.0168233797437614,0.0114090476659994
0.0242528671794982,0.0178164841214608,0.0169179774380452,0.0114802742055936
0.0243918046227225,0.0179294250742486,0.0170107707669891,0.011550861104863
0.0245280072722248,0.0180406485032181,0.0171018154928094,0.0116208261328025
0.0246615890239117,0.0181502475664131,0.0171912403099955,0.0116903293766273
0.0247926579600668,0.0182583105948268,0.0172791677547015,0.0117595226674406
0.0249212896875168,0.018364885376757,0.0173656408357796,0.0118284111180151
0.0250475560567038,0.0184700173853889,0.0174507005581874,0.0118969996901902
0.0251715254142361,0.0185737499307499,0.0175343860497255,0.0119652932012397
0.0252932628341289,0.0186761242991708,0.0176167346777117,0.0120332963298975
0.0254128303298828,0.0187771798814811,0.0176977821565443,0.0121010136220611
0.0255302870492979,0.0188769542910247,0.017777562647008,0.0121684494961959
0.0256456894537032,0.018975483472462,0.01785610884808,0.0122356082484574
0.0257590914830923,0.0190728018022194,0.0179334520819137,0.0123024940575504
0.0258705710077157,0.0191689647767307,0.0180096749433896,0.0123691928470496
0.0259802026321365,0.0192640254832431,0.0180848567558866,0.0124357864693447
0.0260880321847001,0.0193580127170811,0.0181590223587766,0.0125022732387885
0.0261941035947668,0.0194509541088732,0.0182321956392796,0.0125686515798283
0.0262984589992834,0.019542876188508,0.0183043995821739,0.0126349200216755
0.0264011388418168,0.0196338044446769,0.0183756563162378,0.0127010771932337
0.0265021819646903,0.0197237633803696,0.0184459871576789,0.0127671218182725
0.0266016256947975,0.019812776564652,0.0185154126507871,0.0128330527108361
0.0266995059236144,0.0199008666810235,0.0185839526060236,0.0128988687708735
0.0267958571818794,0.0199880555726261,0.0186516261357398,0.0129645689800799
0.0268907360833404,0.0200743765972901,0.0187184873437897,0.0130301938524058
0.0269841972365058,0.0201598618676335,0.0187845884965128,0.0130957820849985
0.0270762704293509,0.0202445302775098,0.0188499451569351,0.0131613302342593
0.027166984393304,0.0203284000634365,0.0189145723825828,0.0132268350119172
0.027256366853956,0.0204114888356686,0.0189784847478868,0.0132922932787628
0.0273444445786941,0.0204938136074222,0.0190416963653338,0.0133577020386325
0.0274312434214803,0.0205753908223809,0.0191042209054478,0.0134230584326326
0.0275167883649846,0.0206562363806061,0.0191660716156795,0.0134883597335946
0.0276011035602559,0.0207363656629627,0.0192272613382773,0.0135536033407534
0.0276842123641081,0.0208157935541612,0.0192878025272031,0.0136187867746391
0.0277661576957203,0.020894539728697,0.0193477308039287,0.0136839231062205
0.0278469811632522,0.0209726232211643,0.0194070807257713,0.0137490248485873
0.0279267031508516,0.021050057297199,0.0194658627088855,0.0138140889198148
0.0280053434116119,0.021126854816135,0.0195240868757678,0.0138791123699559
0.0280829210939514,0.0212030282479133,0.0195817630665596,0.013944092375992
0.0281594547665936,0.0212785896891055,0.0196389008497994,0.014009026236975
0.0282349624422397,0.0213535508781046,0.0196955095326584,0.014073911369353
0.0283094616000132,0.0214279232095363,0.0197515981706867,0.0141387453024731
0.0283829692067557,0.0215017177479394,0.0198071755771017,0.0142035256742553
0.0284555017372427,0.0215749452407588,0.0198622503316404,0.014268250227031
0.0285270927281192,0.0216476166762119,0.0199168457356065,0.0143329159915155
0.0285977748179063,0.0217197427320192,0.019970984466804,0.0143975201285585
0.0286675625183128,0.0217913332519748,0.0200246738997716,0.0144620607173063
0.0287364699429081,0.0218623978094866,0.0200779212248956,0.0145265359247977
0.0288045108218243,0.0219329457176658,0.0201307334546843,0.0145909440025823
0.0288716985157678,0.0220029860389413,0.0201831174297717,0.0146552832834695
0.0289380460293803,0.0220725275942248,0.0202350798246659,0.0147195521784031
0.0290035660239841,0.0221415789716539,0.0202866271532523,0.0147837491734556
0.029068270829748,0.0222101485349343,0.0203377657740672,0.0148478728269397
0.0291321724573035,0.0222782444313054,0.020388501895352,0.0149119217666299
0.0291952977196971,0.0223458720724711,0.0204388504863,0.0149758841695885
0.0292576727919875,0.0224130367428537,0.020488826152994,0.0150397486911075
0.0293193083345962,0.0224797460866129,0.0205384343790335,0.0151035147304721
0.0293802147455433,0.0225460075567759,0.0205876805246211,0.0151671817294704
0.0294404021691047,0.022611828421727,0.0206365698303471,0.0152307491706322
0.0294998805041063,0.0226772157714189,0.0206851074208262,0.0152942165755405
0.029558659411872,0.0227421765233193,0.020733298308195,0.0153575835032118
0.0296167483238437,0.0228067174281075,0.0207811473954749,0.015420849548542
0.0296741564488895,0.0228708450751332,0.0208286594798085,0.0154840143408158
0.0297308927803153,0.022934565897649,0.0208758392555737,0.015547077542277
0.0297869791460409,0.0229978817311551,0.0209226960236485,0.0156100229309776
0.0298424369074077,0.0230607943858199,0.0209692388791363,0.0156728349103972
0.0298972740981815,0.023123310021502,0.0210154720781658,0.0157355140644108
0.0299514985729054,0.0231854346561597,0.0210613997892899,0.0157980609809492
0.0300051180122332,0.0232471741702885,0.021107026095937,0.0158604762515908
0.03005813992806,0.0233085343111817,0.021152354998776,0.0159227604711741
0.0301105716684596,0.0233695206970251,0.021197390417998,0.0159849142374295
0.0301624204224377,0.0234301388208317,0.0212421361955178,0.0160469381506305
0.0302136932245083,0.0234903940542254,0.0212865960970997,0.0161088328132622
0.0302643969591019,0.0235502916510794,0.02133077381441,0.0161705988297069
0.030314549657981,0.023609831184495,0.021374674795118,0.0162322182785355
0.0303641690034145,0.0236690122575788,0.021418304377182,0.0162936738963531
0.0304132611793496,0.0237278399838231,0.0214616659882514,0.0163549672066971
0.0304618322436276,0.0237863193671401,0.0215047629906926,0.0164160997082882
0.0305098881313956,0.0238444553050475,0.0215475986832774,0.0164770728756219
0.0305574346583998,0.0239022525917376,0.0215901763028169,0.0165378881595429
0.0306044775241664,0.0239597159210337,0.0216324990257418,0.0165985469878005
0.0306510223150734,0.0240168498892399,0.0216745699696317,0.016659050765588
0.0306970745073185,0.0240736589978886,0.0217163921946952,0.0167194008760641
0.0307426394697879,0.0241301476563889,0.021757968705203,0.0167795986808597
0.0307877322805567,0.0241863140489791,0.0217993023475653,0.016839626145857
0.0308323677505895,0.0242421564180291,0.0218403959170835,0.0168994658661708
0.0308765507257547,0.0242976791093039,0.0218812522611899,0.0169591200456441
0.0309202859609258,0.0243528863812631,0.021921874176611,0.0170185908437473
0.0309635781222343,0.0244077824074389,0.0219622644105921,0.017077880376828
0.0310064317892517,0.0244623712787338,0.0220024256620843,0.0171369907193166
0.0310488514571024,0.0245166570056381,0.0220423605828955,0.0171959239048882
0.0310908415385107,0.0245706435203726,0.0220820717788065,0.0172546819275841
0.0311324063657841,0.0246243346789594,0.022121561810654,0.0173132667428946
0.0311735501927348,0.0246777342632227,0.0221608331953808,0.0173716802688035
0.0312142857579618,0.0247308396525204,0.0221998870473829,0.0174299052494379
0.0312546255923814,0.0247836482965063,0.022238724465219,0.0174879249999008
0.0312945735517322,0.0248361639567386,0.022277347875086,0.0175457421736111
0.0313341334246576,0.0248883903234915,0.0223157596624552,0.0176033593678606
0.0313733089342353,0.0249403310175864,0.0223539621729978,0.0176607791254358
0.0314121037394621,0.024991989592164,0.0223919577134841,0.0177180039361792
0.031450521436696,0.0250433695343991,0.0224297485526572,0.0177750362384961
0.0314885655610564,0.0250944742671604,0.022467336922081,0.0178318784208061
0.0315262395877835,0.0251453071506173,0.0225047250169652,0.0178885328229438
0.0315635469335597,0.0251958714837956,0.022541914996966,0.0179450017375099
0.0316004984559184,0.0252461642313242,0.022578906849373,0.0180012691487545
0.0316371048485032,0.0252961824310125,0.0226157005662302,0.0180573195427137
0.0316733692199676,0.0253459293850545,0.0226522982569508,0.018113155835018
0.0317092946285545,0.0253954083363192,0.0226887019973525,0.0181687808793703
0.0317448840831596,0.025444622469795,0.0227249138303812,0.0182241974693248
0.0317801405443668,0.0254935749139904,0.0227609357668152,0.0182794083400016
0.0318150669254547,0.0255422687422907,0.0227967697859496,0.0183344161697399
0.0318496660933765,0.0255907069742744,0.0228324178362628,0.0183892235816926
0.0318839408697142,0.025638892576989,0.0228678818360651,0.0184438331453643
0.0319178940316066,0.0256868284661886,0.0229031636741298,0.0184982473780957
0.0319515349044368,0.0257345114505801,0.0229382626309691,0.0185524517059264
0.0319848726825704,0.0257819384096908,0.0229731780031838,0.0186064319867802
0.0320179099013355,0.0258291122739612,0.023007911653721,0.0186601912551352
0.0320506490575569,0.0258760359237213,0.0230424654172297,0.0187137324819795
0.0320830926103107,0.0259227121903522,0.0230768411006418,0.0187670585766021
0.0321152429816615,0.0259691438574128,0.023111040483738,0.0188201723883195
0.0321471025573793,0.0260153336617341,0.0231450653196982,0.0188730767081429
0.0321786736876401,0.0260612842944821,0.0231789173356384,0.0189257742703853
0.032209958687708,0.026106998402189,0.023212598233134,0.0189782677542145
0.0322409598386006,0.0261524785877561,0.0232461096887294,0.0190305597851514
0.0322716852036094,0.0261977216730773,0.0232794505667109,0.0190826372783994
0.0323021427400866,0.0262427245457121,0.0233126197529808,0.019134487515665
0.0323323345368043,0.0262874898277309,0.0233456189125377,0.0191861135455013
0.0323622626526941,0.0263320200983852,0.023378449686159,0.0192375183542426
0.0323919291173938,0.026376317895055,0.0234111136908764,0.0192887048677151
0.0324213359317812,0.0264203857141694,0.0234436125204396,0.019339675952889
0.0324504850684948,0.0264642260121017,0.0234759477457681,0.0193904344194733
0.0324793784724432,0.0265078412060398,0.0235081209153926,0.0194409830214569
0.0325080180613017,0.026551233674832,0.023540133555885,0.0194913244585961
0.0325364057259981,0.0265944057598106,0.0235719871722782,0.0195414613778534
0.0325645484798136,0.0266373544036568,0.0236036804115859,0.0195913821426289
0.0325924532494992,0.0266800766082568,0.0236352119443793,0.019641075424285
0.0326201217714203,0.0267225747345505,0.0236665832720654,0.0196905442120395
0.032647555758514,0.0267648511065572,0.0236977958750646,0.0197397914359273
0.0326747569006914,0.0268069080121577,0.023728851213206,0.0197888199683808
0.0327017268652308,0.0268487477038548,0.023759750726113,0.0198376326257576
0.032728467297162,0.0268903723995137,0.0237904958335803,0.0198862321698159
0.0327549798196426,0.0269317842830833,0.0238210879359416,0.0199346213091424
0.0327812660343257,0.0269729855052974,0.0238515284144289,0.0199828027005317
0.0328073275217197,0.0270139781843587,0.0238818186315234,0.020030778950321
0.0328331704137864,0.0270547594491359,0.0239119571511919,0.0200785397815326
0.0328588007711727,0.0270953264808278,0.023941942560748,0.0201260751741334
0.0328842200488752,0.0271356814154761,0.0239717762230234,0.020173388008901
0.0329094296832814,0.0271758263570599,0.024001459482496,0.0202204811114626
0.0329344310924701,0.0272157633781465,0.0240309936656232,0.0202673572537209
0.0329592256765055,0.0272554945205264,0.0240603800811664,0.0203140191552337
0.0329838148177247,0.027295021795831,0.0240896200205092,0.0203604694845494
0.0330081998810201,0.0273343471861353,0.0241187147579668,0.0204067108604985
0.0330323822141154,0.0273734726445453,0.0241476655510904,0.020452745853444
0.0330563631478362,0.0274124000957697,0.0241764736409629,0.0204985769864925
0.0330801480685366,0.0274511268914046,0.0242051375970457,0.0205441952309942
0.0331037423033214,0.0274896504286081,0.0242336560107092,0.0205895917715612
0.0331271470801802,0.027527972647075,0.0242620301249708,0.0206347693496486
0.0331503636121656,0.0275660954584965,0.0242902611666844,0.020679730656058
0.03317339309762,0.0276040207471069,0.0243183503468226,0.020724478332204
0.033196236720399,0.0276417503702164,0.0243462988607536,0.0207690149713404
0.0332188956500898,0.0276792861587313,0.0243741078885102,0.0208133431197483
0.0332413710422249,0.0277166299176606,0.0244017785950548,0.0208574652778867
0.0332636640384928,0.0277537834266116,0.0244293121305376,0.0209013839015078
0.0332857757669434,0.0277907484402719,0.0244567096305488,0.0209451014027375
0.033307710978626,0.0278275225499165,0.0244839697264608,0.0209886098821988
0.0333294743750078,0.027864103386012,0.0245110910694817,0.0210319016168172
0.0333510669992028,0.0279004927149692,0.0245380747973223,0.0210749791911501
0.0333724898822203,0.0279366922786272,0.0245649220333821,0.0211178451437121
0.0333937440431393,0.0279727037947149,0.0245916338869911,0.0211605019680865
0.0334148304892794,0.0280085289573014,0.0246182114536458,0.021202952114003
0.0334357502163683,0.028044169437236,0.0246446558152404,0.0212451979883827
0.0334565042087073,0.0280796268825772,0.0246709680402932,0.0212872419563513
0.033477093439332,0.0281149029190129,0.024697149184168,0.0213290863422223
0.0334975188701714,0.0281499991502691,0.0247232002892911,0.0213707334304505
0.0335177847074566,0.0281849134111343,0.0247491200829185,0.0214121763328686
0.0335378951156565,0.0282196435697614,0.024774907309806,0.0214534083065949
0.0335578509860377,0.0282541912383226,0.0248005630139203,0.0214944317712076
0.0335776531999719,0.0282885580073475,0.0248260882265049,0.0215352491047437
0.0335973026290713,0.0283227454461143,0.0248514839662873,0.0215758626446668
0.0336168001353209,0.0283567551030322,0.0248767512396822,0.0216162746888066
0.0336361465712089,0.0283905885060158,0.0249018910409904,0.0216564874962706
0.0336553427798547,0.0284242471628504,0.024926904352594,0.021696503288329
0.0336743895951347,0.028457732561549,0.0249517921451471,0.0217363242492743
0.0336932878418059,0.0284910461707015,0.024976555377763,0.0217759525272561
0.0337120412561452,0.0285241860638492,0.0250011928920297,0.0218153821331343
0.0337306535390472,0.0285571503426709,0.0250257035446666,0.0218546071971734
0.0337491254560935,0.0285899404811322,0.0250500882953778,0.0218936299725015
0.0337674577647131,0.028622557934074,0.0250743480925188,0.0219324526749667
0.0337856512142873,0.0286550041375463,0.025098483873276,0.0219710774839745
0.0338037065462542,0.0286872805091344,0.0251224965638413,0.0220095065433024
0.0338216244942108,0.0287193884482785,0.0251463870795852,0.02204774196189
0.0338394057840135,0.0287513293365855,0.025170156325224,0.0220857858146086
0.0338570511338767,0.0287831045381348,0.0251938051949863,0.0221236401430073
0.0338745612544703,0.0288147153997766,0.025217334572774,0.02216130695604
0.0338919394745422,0.0288461602236072,0.0252407434223756,0.0221987810597968
0.033909189092703,0.0288774373352382,0.0252640307204437,0.0222360573582608
0.0339263107697706,0.0289085480841421,0.0252871973503944,0.0222731379411149
0.0339433051597955,0.0289394938028453,0.0253102441854951,0.0223100248647113
0.0339601729101444,0.0289702758072139,0.0253331720890199,0.0223467201527936
0.0339769146615822,0.0290008953967325,0.0253559819144015,0.0223832257972
0.0339935310483536,0.0290313538547786,0.02537867450538,0.0224195437585462
0.0340100226982619,0.0290616524488892,0.0254012506961495,0.0224556759668902
0.0340263902327481,0.0290917924310237,0.0254237113115014,0.0224916243223794
0.0340426342669676,0.0291217750378202,0.0254460571669651,0.02252739069588
0.034058757774569,0.029151598786492,0.0254682873493397,0.0225629705943457
0.0340747637034069,0.0291812622137238,0.0254904009561971,0.022598359604794
0.0340906526264097,0.0292107665563838,0.0255123988015188,0.0226335596593837
0.0341064251108502,0.0292401130362882,0.0255342816901916,0.0226685726605505
0.0341220817184124,0.0292693028604467,0.0255560504181417,0.0227034004816284
0.034137623005257,0.0292983372213018,0.0255777057724673,0.0227380449674542
0.0341530495220861,0.0293272172969646,0.0255992485315676,0.0227725079349567
0.0341683618142071,0.0293559442514445,0.0256206794652707,0.0228067911737301
0.034183560421595,0.0293845192348748,0.025641999334958,0.0228408964465921
0.0341986458789545,0.0294129433837337,0.0256632088936866,0.0228748254901285
0.0342136208491655,0.0294412154151937,0.0256843073475202,0.0229085744273984
0.0342284879729349,0.0294693340623894,0.025705293911413,0.0229421394467731
0.0342432477490202,0.0294973004600029,0.0257261693359065,0.0229755223306045
0.0342579006714227,0.0295251157293183,0.0257469343633764,0.0230087248347822
0.0342724472294411,0.0295527809784327,0.0257675897281497,0.0230417486892677
0.0342868879077243,0.0295802973024629,0.02578813615662,0.0230745955986138
0.0343012231863233,0.0296076657837475,0.0258085743673602,0.0231072672424717
0.0343154535407428,0.0296348874920458,0.0258289050712333,0.0231397652760843
0.0343295794419915,0.0296619634847325,0.0258491289715017,0.0231720913307679
0.034343601356632,0.0296888948069879,0.0258692467639337,0.0232042470143813
0.0343575216744936,0.0297156803601033,0.0258892577673175,0.0232362289906108
0.0343713427662679,0.0297423190583075,0.025909161307669,0.0232680339762668
0.0343850650677764,0.0297688119433063,0.0259289580774041,0.0232996636126097
0.034398689010817,0.0297951600448565,0.0259486487615953,0.0233311195173645
0.0344122150232073,0.0298213643809479,0.0259682340380741,0.0233624032851785
0.0344256435288278,0.0298474259579817,0.0259877145775307,0.0233935164880674
0.0344389749476637,0.0298733457709451,0.0260070910436136,0.0234244606758512
0.034452209695847,0.0298991248035833,0.0260263640930256,0.0234552373765786
0.034465348185697,0.0299247640285678,0.0260455343756193,0.0234858480969421
0.0344783908257612,0.0299502644076614,0.0260646025344908,0.0235162943226819
0.034491339765096,0.0299756250104494,0.0260835679930512,0.023546573191316
0.0345041971361793,0.030000844916863,0.0261024301804903,0.0235766818834242
0.0345169633211588,0.0300259250838292,0.026121189735859,0.0236066219083354
0.0345296386987592,0.0300508664575991,0.026139847291595,0.0236363947544543
0.0345422236443183,0.0300756699739056,0.0261584034736115,0.0236660018896549
0.0345547185298215,0.0301003365581172,0.0261768589013849,0.0236954447616628
0.0345671237239367,0.0301248671253899,0.0261952141880415,0.0237247247984304
0.0345794395920481,0.0301492625808158,0.0262134699404419,0.0237538434085017
0.0345916664962897,0.0301735238195687,0.0262316267592647,0.023782801981369
0.0346038047955786,0.0301976517270476,0.026249685239088,0.023811601887822
0.0346158564259704,0.0302216455257809,0.0262676448991317,0.02384024068037
0.0346278233091116,0.0302455044464319,0.026285505263145,0.0238687159462826
0.0346397057811588,0.030269229368485,0.0263032669211106,0.023897029072178
0.0346515041753425,0.0302928211618707,0.0263209304570468,0.0239251814260724
0.0346632188219954,0.0303162806871016,0.0263384964490851,0.0239531743577178
0.0346748500485818,0.0303396087954064,0.0263559654695477,0.0239810091989299
0.0346863981797255,0.0303628063288611,0.0263733380850224,0.0240086872639106
0.034697863537238,0.0303858741205183,0.0263906148564377,0.0240362098495622
0.0347092464401462,0.0304088129945337,0.0264077963391352,0.0240635782357941
0.0347205472047196,0.0304316237662908,0.0264248830829417,0.0240907936858235
0.0347317675780304,0.0304543057966691,0.0264418746939331,0.0241178541154979
0.0347429092945879,0.0304768584528057,0.0264587707816472,0.0241447574685773
0.0347539726509684,0.0304992825433367,0.0264755718908962,0.0241715050179978
0.0347649579412335,0.0305215788683345,0.0264922785611061,0.0241980980201528
0.0347758654569541,0.0305437482194262,0.026508891326385,0.0242245377151825
0.0347866954872344,0.0305657913799098,0.0265254107155906,0.0242508253272563
0.0347974483187355,0.0305877091248683,0.0265418372523962,0.0242769620648497
0.0348081242356978,0.0306095022212821,0.0265581714553565,0.0243029491210145
0.0348187235199647,0.0306311714281391,0.0265744138379712,0.0243287876736435
0.0348292464510049,0.0306527174965431,0.0265905649087485,0.024354478885729
0.0348396946077753,0.0306741399120604,0.026606624351906,0.0243800209912308
0.0348500695582482,0.030695438164927,0.0266225918542177,0.0244054122463745
0.0348603715647956,0.0307166129988776,0.0266384679188748,0.0244306538190856
0.0348706008876185,0.0307376651499596,0.0266542530441983,0.0244557468625699
0.0348807577847673,0.030758595346636,0.0266699477236986,0.0244806925155616
0.0348908425121613,0.0307794043098864,0.0266855524461353,0.0245054919025668
0.0349008553236085,0.0308000927533063,0.026701067695575,0.024530146134101
0.0349107964708245,0.0308206613832054,0.0267164939514489,0.0245546563069226
0.0349206662034517,0.0308411108987029,0.0267318316886091,0.0245790235042602
0.0349304647690783,0.0308614419918226,0.0267470813773843,0.0246032487960363
0.0349401935967578,0.0308816542601647,0.0267622427718955,0.0246273306948036
0.0349498541059136,0.0309017473046608,0.0267773156280564,0.0246512677307263
0.0349594465292445,0.0309217218095227,0.0267923004106771,0.0246750609749351
0.034968971097567,0.0309415784520513,0.0268071975801581,0.0246987114854522
0.0349784280398325,0.0309613179027267,0.0268220075925433,0.0247222203074056
0.034987817583143,0.0309809408252961,0.0268367308995723,0.0247455884732377
0.034997139952768,0.0310004478768606,0.0268513679487312,0.0247688170029105
0.0350063953721605,0.0310198397079601,0.0268659191833033,0.0247919069041065
0.0350155840629729,0.0310391169626578,0.0268803850424189,0.024814859172425
0.0350247062450726,0.0310582802786223,0.0268947659611043,0.024837674791575
0.0350337632135695,0.031077329353873,0.0269090617557598,0.024860352518225
0.0350427562551091,0.0310962638886382,0.0269232722439383,0.0248828911228187
0.0350516855765536,0.031115084512481,0.0269373978550302,0.0249052915873972
0.0350605513831267,0.0311337918487433,0.0269514390144288,0.0249275548823175
0.0350693538784267,0.0311523865146244,0.0269653961435768,0.0249496819664366
0.0350780932644414,0.0311708691212576,0.0269792696600124,0.0249716737872915
0.0350867697415611,0.0311892402737862,0.026993059977414,0.0249935312812763
0.0350953835085923,0.0312075005714376,0.027006767505645,0.025015255373815
0.0351039347627713,0.0312256506075973,0.0270203926507974,0.0250368469795316
0.0351124236997774,0.0312436909698804,0.0270339358152355,0.0250583070024161
0.0351208514948157,0.0312616214461391,0.027047396870699,0.0250796344132113
0.0351292193156347,0.031279441825496,0.0270607756895462,0.0251008281932748
0.0351375273465223,0.0312971526872912,0.0270740726684576,0.0251218892427309
0.0351457757703336,0.0313147546052567,0.0270872882004865,0.0251428184512784
0.0351539647685028,0.0313322481475854,0.0271004226750991,0.0251636166983488
0.0351620945210548,0.031349633876998,0.0271134764782154,0.0251842848532622
0.0351701652066168,0.0313669123508094,0.0271264499922486,0.0252048237753795
0.0351781770024296,0.0313840841209939,0.0271393435961447,0.0252252343142521
0.0351861300843595,0.0314011497342492,0.0271521576654213,0.0252455173097686
0.0351940246269086,0.0314181097320595,0.0271648925722053,0.0252656735922987
0.0352018616977723,0.0314349639825147,0.027177548237343,0.0252857023205103
0.035209642358062,0.0314517123541945,0.0271901245818546,0.025305602661083
0.0352173667722756,0.0314683553802394,0.0272026219721926,0.0253253754388641
0.0352250351036539,0.031484893588729,0.0272150407715126,0.025345021469387
0.03523264751419,0.031501327502741,0.0272273813397099,0.0253645415590086
0.0352402041646393,0.0315176576404102,0.0272396440334549,0.0253839365050431
0.0352477052145297,0.031533884514987,0.0272518292062283,0.0254032070958941
0.0352551508221709,0.0315500086348937,0.0272639372083556,0.0254223541111839
0.0352625411446643,0.0315660305037815,0.0272759683870417,0.0254413783218804
0.0352698763379124,0.0315819506205853,0.0272879230864042,0.0254602804904215
0.0352771573730798,0.0315977689249771,0.0272998012708605,0.0254790599406582
0.0352843852155053,0.0316134853564724,0.0273116029046341,0.0254977160023117
0.0352915600122829,0.0316291004056764,0.0273233283262211,0.0255162494310712
0.0352986819093986,0.03164461455862,0.0273349778711182,0.0255346609742956
0.0353057510517395,0.0316600282968126,0.0273465518718547,0.0255529513711315
0.0353127675831014,0.0316753420972931,0.0273580506580234,0.0255711213526295
0.035319731646198,0.0316905564326811,0.0273694745563124,0.025589171641858
0.0353266433826687,0.0317056717712269,0.0273808238905355,0.0256071029540155
0.0353335029330868,0.0317206885768606,0.0273920989816623,0.0256249159965401
0.035340310436968,0.0317356073092412,0.027403300147848,0.0256426114692178
0.0353470667787019,0.0317504279718465,0.0274144273922141,0.0256601888413198
0.0353537728375128,0.0317651505674657,0.0274254807173847,0.0256776475862265
0.0353604287451413,0.0317797755475073,0.0274364604359808,0.025694988396091
0.0353670346323485,0.031794303359241,0.0274473668578912,0.0257122119556059
0.0353735906289236,0.0318087344458434,0.0274582002903003,0.0257293189421054
0.0353800968636904,0.0318230692464432,0.0274689610377158,0.0257463100256656
0.0353865534645155,0.0318373081961658,0.027479649401997,0.0257631858692036
0.0353929605583142,0.0318514517261772,0.0274902656823809,0.0257799471285746
0.0353993182710585,0.0318655002637278,0.0275008101755099,0.0257965944526668
0.0354056267277836,0.0318794542321944,0.0275112831754576,0.0258131284834952
0.0354118867347981,0.0318933136918986,0.0275216847198091,0.0258295488185893
0.0354180990938216,0.0319070787020379,0.0275320148454026,0.0258458550581414
0.03542426392301,0.0319207496778706,0.0275422738408908,0.0258620478359206
0.0354303813396504,0.031934327030905,0.0275524619924337,0.0258781277790056
0.0354364514601669,0.0319478111689398,0.0275625795837239,0.0258940955078728
0.0354424744001272,0.0319612024961042,0.0275726268960115,0.025909951636484
0.0354484502742486,0.0319745014128963,0.0275826042081281,0.0259256967723712
0.0354543791964038,0.0319877083162225,0.0275925117965111,0.0259413315167217
0.0354602612796275,0.0320008235994352,0.0276023499352273,0.0259568564644602
0.0354660966361218,0.0320138476523705,0.0276121188959963,0.0259722722043304
0.0354718860018832,0.0320267805859798,0.0276218187472045,0.0259875784472265
0.0354776301088227,0.032039622509737,0.0276314495562878,0.0260027749055206
0.0354833290630416,0.0320523738055314,0.027641011589676,0.026017862159311
0.0354889829698673,0.0320650348518506,0.0276505051115231,0.0260328407826879
0.0354945919338592,0.0320776060238164,0.027659930383729,0.0260477113438101
0.0355001560588135,0.0320900876932193,0.0276692876659615,0.0260624744049803
0.035505675447769,0.0321024802285534,0.0276785772156779,0.0260771305227197
0.0355111502030117,0.0321147839950502,0.0276877992881465,0.0260916802478413
0.0355165804260806,0.032126999354712,0.0276969541364671,0.0261061241255212
0.0355219662177727,0.0321391266663451,0.0277060420115925,0.0261204626953697
0.0355273082507317,0.032151166086,0.0277150630095749,0.0261346957687317
0.035532607193957,0.0321631177679662,0.0277240172253496,0.0261488231574598
0.035537863142822,0.0321749820633054,0.0277329049047237,0.0261628453922879
0.0355430761920089,0.0321867593199902,0.0277417262914237,0.0261767629985469
0.0355482464355136,0.0321984498829354,0.0277504816271141,0.0261905764962315
0.03555337396665,0.0322100540940288,0.0277591711514176,0.0262042864000654
0.035558458878055,0.0322215722921612,0.0277677951019341,0.0262178932195665
0.0355635012616925,0.0322330048132568,0.0277763537142591,0.02623139745911
0.0355685012088583,0.0322443519903023,0.0277848472220029,0.0262447996179912
0.0355734588101844,0.032255614153376,0.0277932758568088,0.0262581001904864
0.0355783746812112,0.0322667914987182,0.0278016397397347,0.0262712990772012
0.0355832494342216,0.0322778842205828,0.0278099389905857,0.0262843961784573
0.0355880831550149,0.0322888926415285,0.0278181738360123,0.0262973919795553
0.0355928759287711,0.0322998170813055,0.0278263445007601,0.02631028696093
0.0355976278400551,0.0323106578568827,0.027834451207687,0.0263230815982087
0.0356023389728201,0.0323214152824751,0.0278424941777802,0.0263357763622683
0.0356070094104124,0.0323320896695702,0.0278504736301736,0.0263483717192911
0.0356116392355745,0.0323426813269546,0.0278583897821642,0.0263608681308206
0.0356162285304497,0.0323531905607398,0.0278662428492291,0.0263732660538153
0.0356207773765854,0.0323636176743877,0.0278740330450412,0.0263855659407026
0.0356252863380427,0.032373962899981,0.0278817605134281,0.0263977677716609
0.0356297559759647,0.0323842264674402,0.0278894253968549,0.0264098715259425
0.0356341863675826,0.0323944086729483,0.0278970279041593,0.026421877647001
0.0356385775895707,0.0324045098101322,0.0279045682424327,0.0264337865739024
0.0356429297180502,0.0324145301700862,0.0279120466170358,0.0264455987413754
0.0356472428285923,0.032424470041396,0.0279194632316142,0.0264573145798611
0.0356515169962221,0.0324343297101626,0.0279268182881131,0.0264689345155616
0.0356557522954215,0.0324441094600247,0.0279341119867925,0.0264804589704885
0.0356599488001328,0.0324538095721825,0.0279413445262414,0.0264918883625099
0.0356641065837621,0.0324634303254197,0.0279485161033931,0.0265032231053972
0.0356682261639631,0.0324729719838213,0.0279556268829861,0.0265144632505241
0.0356723080557695,0.0324824348091754,0.0279626770283089,0.0265256088478183
0.0356763523287231,0.0324918190732386,0.0279696667316177,0.0265366603021584
0.0356803590518635,0.0325011250454374,0.0279765961835665,0.0265476180144612
0.0356843282937312,0.0325103529928902,0.027983465573221,0.0265584823817245
0.0356882601223707,0.0325195031804277,0.0279902750880721,0.026569253797071
0.0356921546053335,0.0325285758706138,0.0279970249140491,0.0265799326497907
0.0356960118096809,0.0325375713237662,0.028003715235533,0.0265905193253824
0.0356998318019873,0.0325464897979763,0.0280103462353696,0.0266010142055953
0.0357036146483424,0.0325553315491295,0.0280169180948826,0.0266114176684698
0.0357073608245747,0.0325640968699295,0.0280234309981965,0.0266217298293377
0.0357110708041552,0.0325727860506834,0.0280298851279147,0.0266319508016674
0.0357147446497057,0.032581399340507,0.0280362806608422,0.0266420809547478
0.0357183824233935,0.0325899369863909,0.0280426177723123,0.0266521206542848
0.0357219841869344,0.0325983992332186,0.0280488966361988,0.0266620702624389
0.0357255500015955,0.0326067863237856,0.0280551174249276,0.0266719301378631
0.0357290799281974,0.0326150984988173,0.0280612803094892,0.0266817006357398
0.0357325740271172,0.0326233359969871,0.0280673854594501,0.0266913821078173
0.0357360323582905,0.0326314990549342,0.0280734330429646,0.0267009749024458
0.0357394549812148,0.0326395879072815,0.028079423226786,0.0267104793646129
0.0357428423340406,0.0326476028723771,0.0280853562131914,0.0267198956673664
0.0357461948527932,0.0326555442661023,0.0280912322028808,0.0267292239815576
0.0357495125938488,0.0326634123165711,0.0280970513582453,0.0267384646436097
0.0357527956131717,0.032671207249956,0.0281028138403224,0.0267476179867007
0.0357560439663164,0.032678929290505,0.0281085198088068,0.0267566843407969
0.03575925770843,0.0326865786605575,0.0281141694220615,0.026765664032685
0.0357624368942545,0.0326941555805603,0.0281197628371278,0.0267745573860052
0.0357655815781288,0.0327016602690841,0.0281253002097361,0.0267833647212821
0.0357686918139911,0.0327090929428383,0.0281307816943159,0.0267920863559566
0.0357717676553813,0.0327164538166876,0.0281362074440065,0.0268007226044166
0.0357748095065336,0.0327237432320177,0.0281415776782597,0.0268092736920504
0.0357778177697602,0.0327309615277012,0.0281468926149061,0.026817739841787
0.0357807924957852,0.0327381089123546,0.0281521524028755,0.0268261213596705
0.0357837337349581,0.0327451855928192,0.0281573571898518,0.0268344185488025
0.0357866415372551,0.0327521917741759,0.0281625071222821,0.0268426317093699
0.0357895159522818,0.0327591276597594,0.0281676023453867,0.0268507611386743
0.0357923570292747,0.0327659934511725,0.0281726430031682,0.0268588071311598
0.0357951648171031,0.0327727893483002,0.0281776292384209,0.0268667699784404
0.0357979393642718,0.0327795155493231,0.0281825611927398,0.0268746499693276
0.035800680718922,0.0327861722507317,0.0281874390065296,0.0268824473898571
0.0358033892547869,0.032792759814671,0.0281922629156613,0.0268901625131374
0.035806065343857,0.0327992786007464,0.02819703315435,0.0268977956096141
0.0358087090317268,0.032805728799459,0.0282017498589403,0.0269053469572246
0.0358113203636484,0.0328121105996851,0.0282064131646286,0.0269128168312336
0.0358138993845337,0.032818424188689,0.0282110232054712,0.0269202055042582
0.0358164461389558,0.0328246697521359,0.0282155801143932,0.0269275132462927
0.0358189606711509,0.0328308474741038,0.0282200840231963,0.026934740324733
0.0358214430250201,0.0328369575370966,0.0282245350625674,0.0269418870044006
0.0358238932441309,0.0328430001220557,0.0282289333620867,0.0269489535475663
0.0358263113717191,0.0328489754083723,0.0282332790502352,0.0269559402139741
0.035828697754123,0.0328548837769649,0.0282375723787391,0.0269628473204915
0.0358310527360968,0.0328607256062034,0.0282418135976424,0.0269696751811688
0.0358333763585656,0.0328665010697446,0.0282460028315112,0.026976424047914
0.0358356686621414,0.0328722103397566,0.0282501402038517,0.0269830941702049
0.0358379296871245,0.0328778535869299,0.0282542258371187,0.02698968579511
0.0358401594735051,0.0328834309804885,0.0282582598527224,0.0269961991673108
0.0358423580609649,0.0328889426882012,0.0282622423710359,0.0270026345291225
0.0358445254888785,0.0328943888763919,0.0282661735114027,0.0270089921205154
0.0358466617963148,0.0328997697099509,0.0282700533921437,0.0270152721791352
0.035848767022039,0.0329050853523453,0.0282738821305643,0.0270214749403235
0.0358508414878243,0.0329103362015433,0.0282776599938474,0.0270276007613211
0.0358528855139991,0.032915522652969,0.028281387247475,0.0270336499964377
0.035854899137226,0.0329206448646052,0.0282850640049774,0.0270396228734542
0.0358568823938804,0.0329257029930687,0.0282886903789065,0.0270455196179374
0.0358588353200512,0.0329306971936209,0.0282922664808427,0.0270513404532599
0.0358607579515429,0.0329356276201768,0.0282957924214015,0.0270570856006182
0.0358626503238765,0.0329404944253151,0.0282992683102399,0.0270627552790511
0.0358645124722909,0.0329452977602879,0.028302694256063,0.0270683497054583
0.0358663444317443,0.0329500377750297,0.0283060703666302,0.0270738690946183
0.0358681462369154,0.0329547146181672,0.0283093967487615,0.0270793136592056
0.0358699181875931,0.0329593287032276,0.028312673684841,0.02708468379395
0.0358716605822444,0.0329638804412102,0.0283159014555383,0.0270899798905712
0.0358733734536292,0.0329683699755013,0.0283190801640338,0.027095202154465
0.035875056834243,0.0329727974482332,0.0283222099126039,0.0271003507890086
0.035876710756318,0.0329771630002929,0.0283252908026268,0.0271054259955771
0.0358783352518242,0.0329814667713304,0.0283283229345882,0.0271104279735594
0.0358799303524704,0.0329857088997672,0.0283313064080874,0.0271153569203743
0.0358814960897059,0.0329898895228052,0.0283342413218428,0.0271202130314867
0.035883032494721,0.0329940087764343,0.0283371277736974,0.0271249965004224
0.0358845395984487,0.0329980667954413,0.0283399658606244,0.0271297075187841
0.0358860176810504,0.0330020640076295,0.0283427558800746,0.0271343465163449
0.0358874670214738,0.0330060008382994,0.0283454981277758,0.0271389139198171
0.0358888876488951,0.0330098774172352,0.0283481926971926,0.0271434099138111
0.0358902795922464,0.0330136938730681,0.0283508396809537,0.027147834681094
0.0358916428802167,0.0330174503332842,0.0283534391708567,0.0271521884026036
0.035892977541253,0.0330211469242319,0.0283559912578731,0.0271564712574628
0.0358942836035613,0.0330247837711293,0.0283584960321536,0.0271606834229929
0.0358955610951074,0.0330283609980715,0.0283609535830333,0.0271648250747276
0.0358968100436182,0.0330318787280382,0.0283633639990362,0.0271688963864265
0.0358980304765829,0.0330353370829005,0.0283657273678804,0.0271728975300883
0.0358992226566902,0.0330387365036394,0.0283680440020523,0.0271768289684665
0.035900386845511,0.0330420774287661,0.0283703142123112,0.0271806911612274
0.0359015230689207,0.03304535997538,0.0283725380829936,0.0271844842736661
0.0359026313525686,0.0330485842595197,0.028374715697662,0.027188208469392
0.0359037117218791,0.0330517503961698,0.0283768471391093,0.0271918639103411
0.0359047642020527,0.033054858499267,0.0283789324893634,0.0271954507567885
0.0359057888180663,0.0330579086817071,0.0283809718296917,0.0271989691673596
0.0359067855946751,0.0330609010553512,0.0283829652406054,0.0272024192990425
0.0359077545564124,0.0330638357310321,0.0283849128018638,0.0272058013071996
0.0359086957275911,0.0330667128185606,0.0283868145924789,0.0272091153455788
0.0359096093554011,0.0330695327711611,0.02838867094003,0.027212361908186
0.0359104956859977,0.0330722960396275,0.0283904821703679,0.0272155414859342
0.0359113547422067,0.0330750027292226,0.0283922483592463,0.0272186542261565
0.0359121865466442,0.033077652944232,0.0283939695817014,0.0272217002746425
0.0359129911217175,0.0330802467879702,0.0283956459120567,0.0272246797756492
0.0359137684896261,0.0330827843627855,0.0283972774239264,0.027227592871911
0.035914518672362,0.0330852657700668,0.0283988641902195,0.0272304397046505
0.0359152416917111,0.0330876911102483,0.0284004062831437,0.0272332204135882
0.0359159375692535,0.0330900604828156,0.0284019037742092,0.0272359351369529
0.0359166063263643,0.0330923739863111,0.0284033567342324,0.0272385840114911
0.0359172481965425,0.0330946320854141,0.028404765506016,0.0272411675610266
0.0359178634123265,0.033096835242418,0.0284061304306369,0.0272436863063015
0.0359184519937162,0.0330989835515338,0.0284074515757728,0.0272461403779351
0.0359190139605162,0.0331010771060712,0.0284087290084365,0.0272485299051321
0.0359195493323371,0.033103115998444,0.0284099627949798,0.0272508550156913
0.0359200581285959,0.033105100320175,0.0284111530010968,0.0272531158360145
0.0359205403685167,0.0331070301619007,0.0284122996918273,0.0272553124911156
0.0359209960711315,0.0331089056133768,0.0284134029315602,0.0272574451046292
0.0359214252552808,0.0331107267634826,0.0284144627840368,0.0272595137988188
0.0359218279396141,0.0331124937002258,0.0284154793123542,0.0272615186945859
0.035922204345599,0.0331142068990823,0.0284164528747314,0.0272634603443937
0.0359225546938076,0.0331158668331904,0.0284173838276672,0.0272653392976499
0.0359228790016127,0.0331174735864359,0.0284182722312363,0.0272671556694144
0.0359231772862057,0.0331190272418728,0.0284191181448969,0.0272689095734486
0.0359234495645964,0.0331205278817277,0.0284199216274942,0.027270601122223
0.0359236958536143,0.0331219755874044,0.0284206827372626,0.0272722304269245
0.0359239161699089,0.0331233704394878,0.0284214015318295,0.0272737975974644
0.0359241105299504,0.0331247125177485,0.0284220780682178,0.0272753027424856
0.03592427895003,0.0331260019011471,0.0284227124028488,0.0272767459693698
0.0359244214462609,0.0331272386678379,0.028423304591545,0.0272781273842446
0.0359245382296036,0.0331284233035497,0.0284238550081871,0.0272794475672598
0.0359246295101803,0.0331295562917256,0.0284243640249429,0.0272807070955481
0.035924695302915,0.0331306377066003,0.0284248316947266,0.0272819060696793
0.0359247356225617,0.0331316676216401,0.0284252580698804,0.0272830445890302
0.035924750483705,0.0331326461095467,0.0284256432021776,0.0272841227517903
0.0359247399007607,0.0331335732422608,0.0284259871428245,0.0272851406549688
0.0359247038879763,0.0331344490909661,0.0284262899424638,0.0272860983944009
0.0359246424594314,0.0331352737260927,0.0284265516511762,0.027286996064754
0.0359245556290383,0.0331360472173211,0.0284267723184838,0.0272878337595337
0.0359244434105423,0.0331367696335851,0.0284269519933519,0.0272886115710902
0.0359243060057991,0.0331374414704253,0.0284270910656103,0.0272893301065038
0.0359241436158758,0.0331380632211505,0.0284271899233864,0.0272899899698877
0.0359239562534064,0.0331386349509707,0.0284272486128489,0.0272905912483149
0.0359237439308652,0.0331391567243854,0.0284272671796354,0.0272911340277609
0.0359235066605683,0.0331396286051865,0.0284272456688555,0.0272916183931085
0.0359232444546732,0.0331400506564618,0.0284271841250925,0.0272920444281538
0.0359229573251796,0.0331404229405983,0.0284270825924058,0.0272924122156109
0.0359226452839298,0.0331407455192851,0.0284269411143329,0.0272927218371176
0.0359223083426091,0.0331410184535166,0.0284267597338916,0.0272929733732406
0.0359219465127462,0.0331412418035956,0.0284265384935822,0.0272931669034802
0.0359215599883823,0.0331414160745235,0.0284262777995071,0.0272933030612654
0.0359211489628141,0.0331415417691264,0.028425978056079,0.027293382477117
0.0359207134465275,0.033141618944172,0.0284256393031114,0.0272934052255367
0.0359202534498587,0.0331416476557704,0.0284252615799249,0.0272933713800153
0.0359197689829951,0.0331416279593768,0.0284248449253497,0.0272932810130369
0.0359192600559751,0.0331415599097939,0.0284243893777274,0.0272931341960838
0.035918726678689,0.033141443561175,0.0284238949749126,0.0272929309996406
0.0359181688608789,0.0331412789670265,0.0284233617542751,0.0272926714931985
0.0359175866121393,0.0331410661802108,0.0284227897527014,0.0272923557452599
0.0359169799419174,0.0331408052529485,0.0284221790065966,0.0272919838233426
0.0359163490376294,0.0331404966994315,0.0284215299386881,0.0272915563867948
0.0359156940859855,0.0331401410317343,0.0284208429700288,0.0272910740921238
0.0359150150954511,0.0331397382987255,0.0284201181344453,0.0272905370021243
0.035914312074351,0.0331392885486642,0.0284193554653069,0.0272899451786591
0.0359135850308695,0.0331387918292026,0.028418554995528,0.0272892986826629
0.035912833973051,0.0331382481873878,0.0284177167575685,0.0272885975741455
0.0359120589087998,0.0331376576696648,0.0284168407834364,0.0272878419121959
0.0359112598458812,0.0331370203218783,0.0284159271046888,0.0272870317549859
0.035910436791921,0.0331363361892753,0.0284149757524335,0.0272861671597731
0.0359095897544063,0.0331356053165068,0.0284139867573306,0.0272852481829049
0.0359087189152257,0.0331348282267565,0.0284129605591087,0.0272842755093543
0.0359078244555954,0.0331340054411495,0.0284118975958386,0.0272832498213276
0.0359069063820748,0.0331331370011618,0.0284107978957096,0.0272821711707226
0.035905964701091,0.0331322229477042,0.0284096614864864,0.0272810396085775
0.0359049994189383,0.0331312633211245,0.0284084883955114,0.0272798551850736
0.0359040105417791,0.033130258161209,0.0284072786497051,0.0272786179495384
0.0359029980756435,0.033129207507185,0.0284060322755682,0.0272773279504483
0.0359019620264301,0.0331281113977226,0.0284047492991823,0.027275985235432
0.0359009023999061,0.0331269698709362,0.0284034297462114,0.0272745898512726
0.0358998192017074,0.0331257829643867,0.0284020736419032,0.0272731418439112
0.0358987126092085,0.0331245512101138,0.028400681443382,0.0272716419237696
0.0358975827991409,0.033123275138159,0.0283992536061342,0.0272700907985837
0.0358964297762614,0.0331219547830792,0.0283977901530431,0.0272684885101165
0.0358952535452016,0.033120590178907,0.028396291106599,0.027266835099337
0.0358940541104677,0.0331191813591522,0.0283947564888997,0.0272651306064227
0.0358928314764408,0.0331177283568034,0.0283931863216518,0.0272633750707624
0.0358915856473772,0.0331162312043295,0.0283915806261718,0.0272615685309578
0.0358903166274086,0.0331146899336816,0.0283899394233871,0.0272597110248263
0.0358890244205423,0.0331131045762943,0.028388262733837,0.027257802589403
0.0358877090306612,0.0331114751630872,0.0283865505776736,0.0272558432609429
0.0358863706315632,0.0331098022348771,0.0283848034298273,0.0272538337752463
0.0358850093964281,0.0331080863305427,0.0283830217636115,0.0272517748655143
0.0358836253283033,0.0331063274781661,0.0283812055969208,0.0272496665640933
0.0358822184301172,0.033104525705342,0.0283793549472854,0.0272475089025968
0.0358807887046797,0.0331026810391795,0.0283774698318717,0.0272453019119067
0.035879336154682,0.0331007935063032,0.0283755502674832,0.0272430456221755
0.035877860782697,0.0330988631328549,0.0283735962705612,0.027240740062828
0.0358763625911794,0.0330968899444943,0.0283716078571859,0.0272383852625627
0.0358748415824659,0.0330948739664005,0.0283695850430772,0.0272359812493537
0.0358732977587752,0.0330928152232736,0.0283675278435952,0.0272335280504526
0.0358717312911958,0.0330907142646778,0.0283654367518975,0.0272310264270609
0.0358701423502202,0.0330885716383007,0.0283633122595483,0.0272284771378724
0.0358685309372703,0.0330863873661657,0.0283611543797571,0.0272258802064983
0.0358668970536553,0.0330841614698433,0.0283589631253956,0.0272232356558724
0.0358652407005715,0.0330818939704528,0.0283567385089986,0.0272205435082524
0.0358635618791028,0.0330795848886627,0.0283544805427646,0.0272178037852212
0.0358618605902208,0.0330772342446921,0.0283521892385563,0.0272150165076884
0.0358601368347845,0.0330748420583117,0.0283498646079016,0.0272121816958911
0.0358583906135408,0.0330724083488444,0.0283475066619937,0.0272092993693956
0.0358566219271246,0.033069933135167,0.0283451154116922,0.0272063695470982
0.0358548309447186,0.0330674169756064,0.0283426913688125,0.0272033930157071
0.035853017834929,0.0330648604266742,0.0283402350436022,0.0272003705595198
0.0358511825976289,0.0330622635047271,0.028337746444877,0.0271973021940593
0.0358493252325837,0.0330596262257011,0.0283352255811405,0.0271941879342231
0.0358474457394519,0.0330569486051118,0.0283326724605845,0.0271910277942833
0.0358455441177848,0.0330542306580557,0.0283300870910894,0.0271878217878883
0.0358436203670269,0.0330514723992106,0.028327469480225,0.0271845699280628
0.0358416744865155,0.0330486738428368,0.0283248196352505,0.0271812722272094
0.0358397064754813,0.0330458350027775,0.0283221375631153,0.0271779286971089
0.035837716333048,0.0330429558924597,0.0283194232704591,0.0271745393489212
0.0358357042272385,0.0330400370790276,0.0283166772881924,0.0271711049950412
0.0358336703255159,0.0330370791278718,0.0283139001456847,0.0271676264455532
0.0358316146262736,0.0330340820500518,0.0283110918476399,0.0271641037085105
0.0358295371278028,0.0330310458562358,0.0283082523984735,0.0271605367913883
0.0358274378282925,0.0330279705567008,0.028305381802313,0.0271569257010838
0.0358253167258298,0.0330248561613335,0.0283024800629981,0.0271532704439173
0.0358231738183996,0.0330217026796306,0.0282995471840814,0.0271495710256324
0.0358210091038851,0.0330185101206995,0.0282965831688282,0.0271458274513963
0.0358188225800672,0.0330152784932591,0.0282935880202171,0.0271420397258008
0.0358166142446254,0.0330120078056398,0.0282905617409401,0.0271382078528619
0.0358143842651149,0.0330086986338929,0.0282875048814441,0.0271343326709065
0.0358121328085465,0.0330053515523775,0.0282844179906642,0.0271304150160556
0.0358098598718974,0.0330019665672055,0.0282813010694651,0.0271264548894849
0.0358075654520476,0.0329985436841243,0.0282781541184456,0.0271224522918361
0.0358052495457794,0.0329950829085172,0.028274977137939,0.0271184072232172
0.0358029121497778,0.0329915842454038,0.0282717701280134,0.0271143196832031
0.0358005532606303,0.0329880476994405,0.0282685330884715,0.0271101896708351
0.0357981728748272,0.0329844732749205,0.0282652660188513,0.0271060171846215
0.0357957709887612,0.0329808609757746,0.028261968918426,0.0271018022225378
0.0357933475987277,0.0329772108055713,0.0282586417862039,0.0270975447820264
0.0357909028724589,0.0329735233493899,0.0282552851926126,0.0270932457276505
0.0357884369771552,0.0329697991906793,0.0282518997065996,0.0270889059218761
0.0357859499084361,0.0329660383309345,0.0282484853254551,0.0270845253595709
0.035783441661828,0.0329622407713112,0.0282450420462251,0.0270801040351103
0.0357809122327644,0.0329584065126261,0.0282415698657115,0.0270756419423773
0.0357783616165851,0.0329545355553569,0.0282380687804721,0.0270711390747621
0.0357757898085372,0.0329506278996425,0.0282345387868208,0.0270665954251627
0.0357731968037745,0.0329466835452835,0.0282309798808273,0.0270620109859839
0.0357705825973573,0.032942702491742,0.0282273920583176,0.0270573857491378
0.035767947184253,0.032938684738142,0.0282237753148738,0.0270527197060435
0.0357652907329706,0.0329346308787402,0.0282201302413504,0.0270480137478582
0.0357626134114982,0.032930541506224,0.0282164574271551,0.0270432687637535
0.0357599152141513,0.0329264166177861,0.028212756866262,0.0270384847428397
0.0357571961351563,0.0329222562103032,0.0282090285524216,0.0270336616737737
0.0357544561686502,0.0329180602803361,0.0282052724791607,0.0270287995447586
0.035751695308681,0.0329138288241296,0.0282014886397822,0.0270238983435433
0.0357489135492074,0.0329095618376128,0.0281976770273651,0.0270189580574222
0.0357461108840987,0.0329052593163991,0.0281938376347646,0.0270139786732352
0.0357432873071348,0.0329009212557861,0.0281899704546118,0.0270089601773666
0.0357404428120065,0.032896547650756,0.028186075479314,0.0270039025557455
0.0357375775685586,0.0328921391049164,0.0281821533205992,0.0269988067265281
0.0357346917461252,0.0328876962203676,0.0281782045887833,0.0269936736059995
0.0357317853377671,0.0328832189902995,0.0281742292747774,0.0269885031780465
0.0357288583364601,0.0328787074076075,0.0281702273692878,0.0269832954261386
0.0357259107350941,0.0328741614648928,0.0281661988628169,0.0269780503333283
0.0357229425264738,0.0328695811544622,0.0281621437456625,0.0269727678822502
0.0357199537033181,0.0328649664683281,0.028158062007918,0.0269674480551205
0.0357169442582601,0.0328603173982084,0.028153953639472,0.0269620908337364
0.0357139141838473,0.0328556339355263,0.028149818630008,0.0269566961994757
0.0357108634725412,0.0328509160714107,0.0281456569690049,0.026951264133296
0.0357077922960451,0.0328461644190169,0.0281414692895101,0.0269457955808003
0.0357047008255596,0.0328413795900547,0.0281372562231958,0.0269402914858378
0.0357015890529375,0.032836561573997,0.0281330177581568,0.0269347518275904
0.0356984569699495,0.0328317103600426,0.0281287538823026,0.0269291765848581
0.0356953045682845,0.0328268259371163,0.0281244645833569,0.0269235657360579
0.0356921318395491,0.0328219082938686,0.0281201498488576,0.0269179192592235
0.0356889387752675,0.0328169574186757,0.0281158096661566,0.0269122371320045
0.0356857253668819,0.032811973299639,0.0281114440224195,0.0269065193316653
0.0356824916057516,0.032806955924585,0.0281070529046254,0.0269007658350852
0.0356792374831539,0.0328019052810654,0.0281026362995664,0.0268949766187569
0.0356759631731381,0.0327968219920004,0.0280981948620541,0.0268891526562159
0.0356726688492591,0.0327917066789258,0.0280937292455628,0.026883294919364
0.0356693545022045,0.0327865593278714,0.0280892394356146,0.0268774033831851
0.0356660201225835,0.0327813799246122,0.0280847254175641,0.0268714780223145
0.0356626657009262,0.0327761684546681,0.0280801871765981,0.0268655188110373
0.0356592912276839,0.0327709249033034,0.0280756246977358,0.0268595257232881
0.0356558966932286,0.0327656492555268,0.0280710379658276,0.0268534987326498
0.0356524820878533,0.032760341496091,0.0280664269655558,0.0268474378123532
0.0356490474017716,0.0327550016094923,0.0280617916814336,0.0268413429352757
0.0356455926251175,0.0327496295799707,0.0280571320978052,0.0268352140739407
0.0356421179347442,0.032744226040446,0.0280524488916884,0.0268290522303372
0.0356386235070167,0.0327387916225152,0.0280477427388032,0.0268228584049415
0.0356351093314986,0.0327333263090283,0.0280430136223382,0.0268166325690359
0.0356315753976776,0.0327278300825983,0.0280382615253316,0.0268103746935851
0.0356280216949658,0.032722302925601,0.0280334864306715,0.0268040847492357
0.035624448212699,0.0327167448201743,0.0280286883210949,0.0267977627063145
0.0356208549401371,0.0327111557482181,0.0280238671791881,0.0267914085348286
0.0356172418664636,0.032705535691394,0.0280190229873856,0.0267850222044636
0.0356136089807855,0.0326998846311244,0.0280141557279704,0.0267786036845831
0.0356099562721334,0.0326942025485929,0.0280092653830733,0.0267721529442277
0.0356062839205927,0.0326884900869709,0.0280043526523577,0.0267656710143904
0.0356025921057671,0.0326827478881678,0.0279994182342301,0.0267591589246754
0.0355988808161342,0.0326769759321073,0.0279944621097808,0.0267526166431495
0.0355951500400992,0.0326711741984931,0.0279894842599668,0.0267460441375927
0.0355913997659938,0.0326653426668082,0.0279844846656117,0.0267394413754965
0.0355876299820769,0.0326594813163144,0.0279794633074044,0.0267328083240633
0.0355838406765338,0.0326535901260525,0.0279744201658999,0.0267261449502057
0.0355800318374762,0.032647669074841,0.027969355221518,0.0267194512205448
0.0355762034529424,0.0326417181412764,0.0279642684545433,0.0267127271014098
0.0355723555108965,0.0326357373037323,0.0279591598451249,0.0267059725588367
0.0355684881950591,0.0326297272158982,0.0279540301160076,0.0266991886534013
0.0355646016886746,0.032623688530263,0.0279488799887207,0.0266923764444147
0.0355606959791718,0.0326176212240687,0.0279437094424888,0.0266855358972068
0.0355567710539095,0.0326115252743534,0.0279385184564192,0.0266786669768495
0.0355528269001762,0.0326054006579504,0.0279333070095016,0.0266717696481556
0.0355488635051897,0.0325992473514878,0.0279280750806079,0.0266648438756781
0.0355448808560969,0.0325930653313881,0.0279228226484913,0.0266578896237087
0.0355408789399741,0.0325868545738676,0.0279175496917865,0.0266509068562772
0.0355368577438262,0.032580615054936,0.0279122561890088,0.0266438955371505
0.035532817254587,0.0325743467503956,0.027906942118554,0.026636855629831
0.035528757659991,0.0325680503247348,0.0279016082266795,0.0266297882250792
0.0355246791473019,0.0325617264413022,0.0278962552584698,0.0266226944125164
0.0355205817029352,0.0325553750748954,0.0278908831915122,0.0266155741552057
0.0355164653132386,0.0325489962001231,0.0278854920032925,0.0266084274159805
0.0355123299644921,0.0325425897914045,0.0278800816711946,0.0266012541574437
0.0355081756429075,0.0325361558229685,0.0278746521725,0.026594054341966
0.0355040023346284,0.0325296942688535,0.0278692034843873,0.0265868279316856
0.0354998100257298,0.0325232051029065,0.0278637355839321,0.0265795748885067
0.0354955987022182,0.032516688298783,0.0278582484481061,0.0265722951740988
0.0354913683500312,0.0325101438299457,0.0278527420537772,0.026564988749895
0.0354871191612745,0.0325035723719751,0.0278472171711417,0.0265576567374633
0.0354828513275882,0.0324969745993726,0.0278416745692659,0.0265503002573578
0.0354785648344084,0.0324903504847217,0.0278361142243251,0.0265429192708379
0.035474259667106,0.0324837000004314,0.0278305361124082,0.0265355137389608
0.0354699358109864,0.0324770231187354,0.0278249402095174,0.0265280836225806
0.0354655932512892,0.0324703198116916,0.0278193264915677,0.0265206288823467
0.0354612319731884,0.0324635900511816,0.0278136949343862,0.0265131494787032
0.0354568519617915,0.0324568338089102,0.0278080455137123,0.0265056453718878
0.0354524532021397,0.0324500510564043,0.0278023782051965,0.0264981165219308
0.0354480356792078,0.0324432417650128,0.0277966929844005,0.0264905628886537
0.0354435995898103,0.0324364066217133,0.0277909906458801,0.0264829856250713
0.0354391451303006,0.032429546312465,0.0277852719831038,0.0264753858833098
0.035434672285169,0.0324226608078613,0.0277795369710562,0.0264677636232808
0.0354301810388426,0.0324157500783349,0.0277737855846502,0.02646011880472
0.0354256713756854,0.032408814094157,0.0277680177987267,0.0264524513871865
0.0354211432799978,0.0324018528254367,0.0277622335880539,0.0264447613300617
0.0354165967360168,0.0323948662421207,0.0277564329273273,0.0264370485925482
0.0354120317279152,0.0323878543139921,0.0277506157911686,0.026429313133669
0.0354074482398018,0.0323808170106703,0.0277447821541259,0.0264215549122661
0.0354028462557212,0.03237375430161,0.0277389319906728,0.0264137738870001
0.0353982259775155,0.0323666668855018,0.0277330661201381,0.0264059712429857
0.035393587606571,0.0323595554600788,0.0277271853608061,0.0263981481645735
0.0353889311264645,0.0323524199941629,0.0277212896866878,0.0263903046107744
0.035384256520712,0.0323452604564286,0.0277153790717365,0.0263824405404497
0.0353795637727685,0.0323380768154022,0.0277094534898478,0.0263745559123096
0.0353748528660277,0.0323308690394611,0.0277035129148589,0.0263666506849127
0.0353701237838217,0.0323236370968333,0.0276975573205484,0.0263587248166649
0.035365376509421,0.0323163809555965,0.0276915866806353,0.026350778265818
0.0353606110260339,0.0323091005836778,0.0276856009687793,0.0263428109904697
0.0353558273168067,0.0323017959488526,0.0276796001585797,0.0263348229485614
0.0353510255889121,0.0322944677618513,0.0276735850945445,0.0263268153579712
0.0353462060490717,0.0322871167325067,0.0276675566201789,0.0263187894359352
0.0353413686799811,0.032279742828083,0.0276615147087324,0.0263107451410023
0.0353365134642774,0.0322723460157099,0.0276554593334103,0.026302682431597
0.0353316403845385,0.0322649262623815,0.027649390467374,0.0262946012660178
0.0353267494232833,0.0322574835349559,0.0276433080837401,0.0262865016024368
0.0353218405629713,0.0322500178001542,0.0276372121555802,0.0262783833988985
0.035316913786002,0.0322425290245601,0.0276311026559204,0.0262702466133191
0.0353119690747154,0.0322350171746194,0.0276249795577411,0.0262620912034852
0.0353070064113908,0.0322274822166388,0.0276188428339759,0.0262539171270532
0.0353020260088191,0.0322199248737245,0.0276126933547089,0.0262457256353333
0.0352970280793451,0.0322123458681448,0.0276065319890631,0.026237517979113
0.0352920126048151,0.0322047451658158,0.0276003587097323,0.0262292941169077
0.0352869795670191,0.0321971227325311,0.0275941734893794,0.0262210540071322
0.0352819289476898,0.0321894785339613,0.0275879763006368,0.0262127976080999
0.0352768607285032,0.0321818125356529,0.0275817671161051,0.0262045248780221
0.0352717748910776,0.0321741247030283,0.0275755459083531,0.026196235775007
0.0352666714169735,0.0321664150013844,0.0275693126499176,0.0261879302570587
0.0352615502876937,0.0321586833958923,0.0275630673133023,0.0261796082820769
0.0352564114846826,0.0321509298515966,0.0275568098709781,0.0261712698078552
0.0352512552266228,0.0321431551043249,0.0275505412189925,0.0261629161198061
0.0352460817317562,0.032135359889126,0.0275442622524718,0.0261545485029357
0.035240890981112,0.0321275441707731,0.0275379729437535,0.0261461669161413
0.0352356829556648,0.0321197079139288,0.0275316732651573,0.026137771318243
0.0352304576363341,0.0321118510831447,0.0275253631889842,0.0261293616679829
0.0352252150039845,0.0321039736428602,0.0275190426875165,0.0261209379240244
0.0352199550394249,0.0320960755574024,0.0275127117330174,0.0261125000449514
0.0352146777234085,0.0320881567909851,0.0275063702977302,0.0261040479892675
0.0352093830366325,0.0320802173077082,0.0275000183538784,0.0260955817153952
0.0352040709597378,0.0320722570715567,0.027493655873665,0.0260871011816752
0.0351987417175603,0.0320642768314339,0.0274872837794773,0.0260786077082896
0.0351933955345005,0.032056277335523,0.0274809029928189,0.0260701026151252
0.0351880323908025,0.032048258547656,0.0274745134858623,0.0260615858618621
0.0351826522666576,0.0320402204315658,0.0274681152307739,0.0260530574081253
0.0351772551422039,0.0320321629508858,0.0274617081997137,0.0260445172134842
0.0351718409975266,0.0320240860691492,0.0274552923648347,0.0260359652374519
0.0351664098126571,0.032015989749788,0.0274488676982828,0.0260274014394844
0.0351609615675731,0.0320078739561329,0.0274424341721962,0.0260188257789802
0.0351554962421979,0.0319997386514121,0.0274359917587051,0.0260102382152792
0.0351500138164005,0.0319915837987509,0.0274295404299312,0.0260016387076623
0.0351445145214205,0.0319834101604908,0.027423081134965,0.0259930286117401
0.0351389985880674,0.0319752184983118,0.0274166148220481,0.0259844092829331
0.0351334659958322,0.0319670087753027,0.0274101414633694,0.0259757806820866
0.0351279167241553,0.0319587809544646,0.0274036610311232,0.025967142770012
0.0351223507524258,0.0319505349987103,0.027397173497508,0.0259584955074858
0.0351167680599815,0.0319422708708638,0.0273906788347269,0.0259498388552496
0.0351111686261086,0.0319339885336593,0.0273841770149872,0.0259411727740091
0.0351055524300411,0.0319256879497408,0.0273776680104993,0.0259324972244337
0.035099919450961,0.0319173690816615,0.0273711517934774,0.0259238121671558
0.0350942696679974,0.0319090318918828,0.0273646283361385,0.0259151175627701
0.0350886033190331,0.0319006771565557,0.0273580986146249,0.0259064148029606
0.0350829206415271,0.0318923056512274,0.027351563604262,0.025897705279319
0.0350772216142501,0.0318839173384382,0.0273450232774255,0.0258889889542163
0.0350715062159242,0.0318755121806519,0.0273384776065061,0.0258802657900091
0.0350657744252222,0.031867090140255,0.0273319265639099,0.0258715357490387
0.0350600262207671,0.031858651179556,0.0273253701220573,0.025862798793631
0.0350542615811324,0.031850195260785,0.0273188082533834,0.0258540548860958
0.0350484804848413,0.031841722346093,0.0273122409303374,0.0258453039887265
0.0350426829103666,0.031833232397551,0.0273056681253819,0.0258365460637993
0.0350368688361304,0.0318247253771494,0.0272990898109933,0.0258277810735726
0.0350310385068894,0.0318162020752282,0.0272925069906988,0.0258190104464281
0.0350251921669832,0.0318076632815798,0.0272859206672364,0.0258102356107442
0.0350193297944955,0.0317991089583877,0.0272793308133248,0.0258014565307518
0.0350134513674632,0.0317905390677691,0.0272727374017075,0.0257926731706846
0.0350075568638759,0.0317819535717751,0.0272661404051522,0.025783885494779
0.0350016462616753,0.0317733524323896,0.0272595397964508,0.0257750934672739
0.0349957195387552,0.0317647356115288,0.0272529355484192,0.0257662970524097
0.0349897766729613,0.0317561030710405,0.0272463276338965,0.0257574962144285
0.0349838176420903,0.0317474547727037,0.0272397160257453,0.0257486909175731
0.0349778424238903,0.0317387906782276,0.0272331006968511,0.0257398811260869
0.0349718512702146,0.0317301115925277,0.0272264826784403,0.0257310683056463
0.0349658444325063,0.0317214183200281,0.0272198630009732,0.0257222539220029
0.034959821888196,0.0317127108227428,0.0272132416376528,0.0257134379415494
0.0349537836146694,0.0317039890626306,0.0272066185617151,0.025704620330697
0.0349477295892666,0.0316952530015944,0.0271999937464285,0.0256958010558749
0.034941659789282,0.0316865026014805,0.0271933671650941,0.0256869800835302
0.0349355741919636,0.031677737824078,0.0271867387910449,0.0256781573801275
0.0349294727745132,0.0316689586311186,0.0271801085976459,0.0256693329121484
0.0349233555140855,0.0316601649842754,0.0271734765582937,0.0256605066460915
0.0349172223877882,0.0316513568451625,0.027166842646416,0.0256516785484716
0.0349110736547869,0.031642535033666,0.0271602079212328,0.0256428501228218
0.0349049095738434,0.0316337003692347,0.0271535734412149,0.0256340228728166
0.0348987301217703,0.0316248528138977,0.0271469391801727,0.0256251967672751
0.0348925352753364,0.0316159923296391,0.0271403051119561,0.0256163717750474
0.0348863250112673,0.0316071188783973,0.027133671210455,0.0256075478650147
0.0348800993062443,0.0315982324220644,0.0271270374495986,0.0255987250060889
0.0348738581369045,0.031589332922486,0.027120403803355,0.0255899031672122
0.0348676014798403,0.03158042034146,0.0271137702457315,0.0255810823173572
0.0348613293115993,0.0315714946407368,0.0271071367507739,0.0255722624255262
0.0348550416086835,0.031562555782018,0.0271005032925666,0.0255634434607513
0.0348487386377791,0.0315536046005619,0.0270938709585936,0.025554626964941
0.0348424206651767,0.0315446419312434,0.0270872408356013,0.0255458144801972
0.0348360876671056,0.0315356677362866,0.0270806128981093,0.0255370059779851
0.0348297396197539,0.0315266819778808,0.0270739871206827,0.0255282014298104
0.0348233764992676,0.0315176846181795,0.0270673634779315,0.0255194008072197
0.0348169982817509,0.0315086756193003,0.0270607419445109,0.0255106040818
0.0348106049432651,0.0314996549433239,0.0270541224951205,0.0255018112251785
0.0348041964598292,0.031490622552294,0.0270475051045045,0.0254930222090225
0.0347977728074187,0.0314815784082164,0.0270408897474516,0.025484237005039
0.0347913339619658,0.0314725224730586,0.0270342763987943,0.0254754555849749
0.0347848801978807,0.0314634555978611,0.0270276661745267,0.0254666795295802
0.0347784117891861,0.0314543786333323,0.0270210601899085,0.0254579104198345
0.0347719287115648,0.0314452915420672,0.0270144584202472,0.0254491482300164
0.0347654309406603,0.0314361942866357,0.0270078608408993,0.0254403929344514
0.0347589184520758,0.0314270868295818,0.0270012674272703,0.0254316445075117
0.0347523912213745,0.0314179691334231,0.0269946781548146,0.025422902923616
0.0347458492240787,0.0314088411606503,0.0269880929990349,0.0254141681572292
0.0347392924356702,0.0313997028737269,0.0269815119354824,0.0254054401828624
0.0347327208315892,0.0313905542350883,0.0269749349397568,0.0253967189750727
0.0347261343872344,0.0313813952071419,0.0269683619875054,0.0253880045084629
0.0347195333849384,0.0313722266571267,0.0269617942234495,0.0253792984030293
0.0347129181066553,0.0313630494519997,0.0269552327915714,0.025370602279014
0.0347062885275587,0.0313538635548975,0.0269486776680175,0.0253619161136168
0.0346996446227846,0.0313446689289409,0.0269421288289853,0.0253532398840858
0.0346929863674312,0.0313354655372342,0.0269355862507231,0.0253445735677175
0.034686313736558,0.0313262533428649,0.02692904990953,0.0253359171418565
0.0346796267051861,0.0313170323089032,0.0269225197817558,0.0253272705838953
0.0346729252482972,0.0313078023984015,0.0269159958438005,0.0253186338712746
0.034666209340834,0.0312985635743936,0.0269094780721143,0.0253100069814825
0.0346594789576993,0.031289315799895,0.0269029664431978,0.0253013898920549
0.0346527343893425,0.0312800599587674,0.0268964621306853,0.0252927842625655
0.0346459759258438,0.0312707969346376,0.0268899663074584,0.0252841917528298
0.0346392035419062,0.0312615266913486,0.0268834789505231,0.0252756123430065
0.0346324172121971,0.031252249192737,0.0268770000369366,0.0252670460132992
0.0346256169113475,0.0312429644026314,0.0268705295438067,0.0252584927439567
0.0346188026139525,0.0312336722848532,0.0268640674482915,0.0252499525152726
0.0346119742945698,0.0312243728032154,0.0268576137275999,0.025241425307585
0.0346051319277204,0.0312150659215222,0.0268511683589909,0.0252329111012768
0.0345982754878877,0.0312057516035689,0.0268447313197735,0.0252244098767751
0.0345914049495173,0.0311964298131415,0.026838302587307,0.0252159216145514
0.0345845206113668,0.0311871014511546,0.0268318833642907,0.0252074480140052
0.0345776227718339,0.031177767418333,0.0268254748526468,0.0251989907747495
0.0345707114051906,0.0311684276793847,0.0268190770302276,0.0251905498798608
0.0345637864856752,0.0311590821990192,0.0268126898749341,0.0251821253124518
0.0345568479874916,0.0311497309419477,0.0268063133647151,0.025173717055671
0.0345498958848095,0.0311403738728818,0.0267999474775678,0.0251653250927028
0.0345429301517637,0.0311310109565341,0.0267935921915369,0.0251569494067673
0.0345359507624538,0.0311216421576171,0.026787247484715,0.0251485899811198
0.0345289576909438,0.0311122674408432,0.0267809133352426,0.0251402467990513
0.0345219509112621,0.0311028867709239,0.0267745897213072,0.0251319198438876
0.0345149307306627,0.0310935010662642,0.0267682778747879,0.0251236108550068
0.0345078974560501,0.031084111245121,0.0267619790267497,0.0251153215719461
0.034500851061306,0.0310747172732177,0.0267556931558401,0.0251070519805699
0.0344937915202803,0.0310653191162874,0.0267494202407497,0.0250988020667632
0.0344867188067907,0.0310559167400727,0.026743160260212,0.0250905718164315
0.0344796328946225,0.0310465101103253,0.0267369131930032,0.0250823612155008
0.0344725337575283,0.0310370991928056,0.0267306790179425,0.025074170249917
0.0344654213692272,0.0310276839532827,0.0267244577138915,0.0250659989056461
0.0344582957034052,0.0310182643575334,0.0267182492597544,0.0250578471686736
0.0344511567337142,0.0310088403713426,0.0267120536344777,0.0250497150250047
0.0344440047760914,0.0309994129310484,0.0267058720991932,0.025041604254042
0.0344368401461352,0.0309899829728803,0.0266997059141703,0.0250335166352638
0.0344296628173789,0.0309805504637188,0.0266935550587579,0.0250254521570926
0.0344224727633261,0.0309711153704615,0.02668741951234,0.0250174108079494
0.0344152699574502,0.0309616776600233,0.0266812992543353,0.0250093925762527
0.0344080543731943,0.0309522372993357,0.0266751942641975,0.025001397450419
0.0344008259839707,0.0309427942553469,0.0266691045214149,0.0249934254188619
0.0343935847631607,0.0309333484950208,0.0266630300055103,0.0249854764699924
0.0343863306841141,0.0309238999853374,0.0266569706960408,0.0249775505922181
0.0343790637201486,0.0309144486932923,0.026650926572598,0.0249696477739432
0.0343717841960703,0.0309049955736064,0.0266448989255966,0.0249617698345225
0.0343644924363572,0.0308955415809271,0.0266388890445257,0.02495391859327
0.0343571884142374,0.0308860866834235,0.0266328969092963,0.0249460940408272
0.0343498721029114,0.0308766308492889,0.0266269224998431,0.0249382961678031
0.0343425434755517,0.0308671740467404,0.0266209657961246,0.0249305249647741
0.0343352025053026,0.030857716244019,0.0266150267781227,0.0249227804222839
0.0343278491652794,0.030848257409389,0.0266091054258429,0.0249150625308426
0.0343204834285688,0.0308387975111378,0.0266032017193139,0.0249073712809269
0.0343131052682279,0.0308293365175758,0.0265973156385875,0.0248997066629793
0.0343057146572842,0.0308198743970361,0.0265914471637387,0.0248920686674082
0.0342983119295971,0.0308104121230771,0.0265855976144476,0.0248844591533165
0.0342908974187099,0.030800950669215,0.0265797683093905,0.024876879979616
0.03428347109759,0.0307914900050273,0.026573959228851,0.0248693311387065
0.0342760329391791,0.0307820301001216,0.0265681703531215,0.0248618126229166
0.0342685829163934,0.0307725709241357,0.0265624016625039,0.0248543244245032
0.0342611210021226,0.0307631124467371,0.0265566531373086,0.024846866535651
0.0342536471692302,0.0307536546376232,0.026550924757855,0.0248394389484722
0.0342461613905526,0.0307441974665204,0.0265452165044711,0.0248320416550059
0.0342386636388991,0.0307347409031846,0.0265395283574934,0.024824674647218
0.0342311538870516,0.0307252849174004,0,0
0.034223308980412,0,0,0
0,0,0,0
0,0,0,0
0,0,0,0
0,0,0,0
0,0,0,0
0,0,0,0
0,0,0,0
0,0,0,0
0,0,0,0
0,0,0,0
0,0,0,0
0,0,0,0
0,0,0,0
0,0,0,0
0,0,0,0
0,0,0,0
0,0,0,0
0,0,0,0
0,0,0,0
0,0,0,0
0,0,0,0
0,0,0,0
0,0,0,0
0,0,0,0
0,0,0,0
0,0,0,0
0,0,0,0
0,0,0,0
