Var1,Var2,Var3,Var4,Var5,Var6,Var7,Var8,Var9,Var10,Var11,Var12,Var13,Var14,Var15,Var16,Var17,Var18,Var19,Var20,Var21,Var22,Var23,Var24,Var25,Var26,Var27,Var28,Var29,Var30,Var31,Var32,Var33,Var34,Var35,Var36,Var37,Var38,Var39,Var40,Var41,Var42,Var43,Var44,Var45,Var46,Var47,Var48,Var49,Var50,Var51,Var52,Var53,Var54,Var55,Var56,Var57,Var58,Var59,Var60,Var61,Var62,Var63,Var64,Var65,Var66,Var67,Var68,Var69,Var70,Var71,Var72,Var73,Var74,Var75,Var76,Var77,Var78,Var79,Var80,Var81,Var82,Var83,Var84,Var85,Var86,Var87,Var88,Var89,Var90,Var91,Var92,Var93,Var94,Var95,Var96,Var97,Var98,Var99
-1.66367767950245e-05,-6.2680452391749e-05,-5.96895747552973e-06,-2.39471969820469e-05,-1.05539186822808e-05,-2.49789329956271e-05,-7.62957547078727e-06,-4.25559635291416e-06,-4.59503731652675e-06,-9.84687086111179e-06,-8.98739054329926e-07,-9.08695650498981e-06,-7.58431480860602e-06,-3.19975519393119e-05,-1.14511603982991e-05,-4.12962635781705e-06,-1.64796339890285e-05,-4.35231237863686e-05,-2.17554233773649e-05,-4.54282862423701e-06,-3.99735304709052e-06,-1.89755434707432e-05,-4.03872038000638e-05,-3.18412780561259e-06,-7.61867281830527e-06,-6.52196945344126e-05,-8.11840418639054e-06,-9.70486744523744e-08,-9.53471044176605e-06,-1.75130242679243e-06,-3.31727227170426e-05,-4.72062534394788e-06,-1.72645427966709e-05,-4.48883166045824e-06,-1.74172422846201e-06,-2.66443968071827e-05,-1.77898658344034e-06,-1.14729838614447e-05,-1.47808323366646e-05,-3.26500387152725e-05,-3.1754535835494e-05,-1.0894856392131e-05,-3.88694030809225e-06,-1.42359694964306e-05,-6.85856106723329e-06,-3.45871294221258e-05,-6.41480627733933e-06,-1.54786471355974e-05,-1.43090582514248e-05,-1.71020391418336e-05,-1.43090664607087e-05,-1.54787474902114e-05,-6.41421463774633e-06,-3.45872234114886e-05,-6.85854566217474e-06,-1.42358793766539e-05,-3.88694030809225e-06,-1.08948685429601e-05,-3.17547021164649e-05,-3.26501297010995e-05,-1.47809102312136e-05,-1.14733031945441e-05,-1.7790878205788e-06,-2.6645316479016e-05,-1.74292881466567e-06,-4.48912701056193e-06,-1.72645752494757e-05,-4.72047315440417e-06,-3.31726241318872e-05,-1.75146843796501e-06,-9.53462498725703e-06,-9.74949422066936e-08,-8.11936598805367e-06,-6.52201029529031e-05,-7.61850620965929e-06,-3.1844583920255e-06,-4.03875230652054e-05,-1.89753974939658e-05,-3.99777555069381e-06,-4.54282862423701e-06,-2.17554993380754e-05,-4.35230112770098e-05,-1.64795650653897e-05,-4.12958258298375e-06,-1.14495640333222e-05,-3.19974507754812e-05,-7.58422722315022e-06,-9.08694193065197e-06,-8.98995140630216e-07,-9.84688301154739e-06,-4.59497873318162e-06,-4.25560231942987e-06,-7.6295467573016e-06,-2.49789380945253e-05,-1.05537962687241e-05,-2.39472273599259e-05,-5.96897241188115e-06,-6.26802036919762e-05,-1.66369724064084e-05
-8.8388756003571e-06,-8.55608596821981e-06,-1.22193966394257e-06,-8.4290743881623e-06,-4.75262058933967e-06,-8.34977783909923e-06,-2.42866580781385e-05,-6.38704370216842e-06,-3.93449932901537e-05,-7.20634740255449e-05,-1.99490355903156e-05,-3.06426525083295e-05,-7.49281327358901e-06,-1.31243559310254e-05,-6.37374316792521e-05,-4.54451514961104e-05,-3.45984227723585e-06,-1.58256721415761e-05,-4.31216571376216e-06,-2.72233149528276e-05,-6.50810935362739e-05,-1.39509512567092e-05,-4.43065838143238e-06,-7.32136606146859e-06,-1.86462148210541e-05,-8.35770668245613e-06,-1.25942370981094e-05,-1.57554383645152e-05,-1.04717497585549e-05,-7.54809820488779e-06,-1.08992161134892e-05,-5.46006536567487e-06,-3.74260007607126e-05,-1.73558549142945e-05,-3.77603182858544e-05,-2.96229978827285e-05,-1.66753623776377e-05,-4.79803291383951e-06,-1.36075314021523e-05,-2.3571047426098e-05,-1.03435188313861e-05,-7.91105494955464e-06,-1.1738446165745e-05,-7.73352699758721e-06,-2.54198862770307e-06,-1.03523183728126e-05,-6.80929467462521e-06,-2.22129322372803e-06,-3.66628781186141e-05,-5.49007631012609e-06,-3.66628783002559e-05,-2.22097339486326e-06,-6.80933543232635e-06,-1.03523053052143e-05,-2.54231413826698e-06,-7.7334842861422e-06,-1.1738337403851e-05,-7.9110971500984e-06,-1.03435869295057e-05,-2.35708174414802e-05,-1.36074472090823e-05,-4.79809663761093e-06,-1.66753551407105e-05,-2.96229826134095e-05,-3.77603113749263e-05,-1.73560478098143e-05,-3.74258831808303e-05,-5.46005031550172e-06,-1.08991339320602e-05,-7.5484281004979e-06,-1.04717526164404e-05,-1.57551497729646e-05,-1.25940982675978e-05,-8.35743614831362e-06,-1.86465478083224e-05,-7.32134084881861e-06,-4.43163385919531e-06,-1.39509043757597e-05,-6.50810636203378e-05,-2.72234095973546e-05,-4.3120496942827e-06,-1.58255176626407e-05,-3.45987154667567e-06,-4.54450136105106e-05,-6.37374181107188e-05,-1.31243747477578e-05,-7.49281301891566e-06,-3.0642597285148e-05,-1.99488890574843e-05,-7.20633338967838e-05,-3.93448243841018e-05,-6.38699444239594e-06,-2.42865017544228e-05,-8.34975481777961e-06,-4.75273243701305e-06,-8.42917031116873e-06,-1.22199787094563e-06,-8.556183883681e-06,-8.83880412583673e-06
-4.23539857291908e-05,-3.26347878178304e-05,-6.39647024640645e-06,-1.08740451930483e-05,-2.53487070766348e-05,-1.24810235354243e-06,-2.39782727299094e-05,-2.89603591551369e-06,-6.19884501803769e-06,-1.14091392557279e-06,-1.00431889679544e-05,-3.59426804720907e-05,-2.40918721639868e-05,-5.15027150404153e-06,-1.1008812184846e-05,-7.47233906357907e-05,-1.44322588742607e-05,-1.97086438172448e-05,-1.52242083624593e-05,-4.76392742265139e-05,-1.41482014488996e-07,-2.00452554222268e-05,-1.77948765096319e-05,-1.69496231692825e-05,-3.73393656796713e-06,-5.30927321636541e-07,-3.46764306592653e-05,-5.95750945926481e-06,-7.10230278389545e-06,-5.75190392630387e-06,-2.56592561811554e-05,-1.17900841220741e-05,-1.83190502597886e-06,-3.72396819778406e-05,-4.62522784613245e-05,-3.17730190783777e-05,-1.34083074038533e-05,-2.93964356390337e-05,-7.49358059112904e-06,-3.46209189219013e-05,-1.26232229126207e-05,-4.27176791001287e-05,-2.15071552807218e-05,-8.09375181543954e-06,-6.15241281959287e-05,-6.75874539606535e-05,-3.54907051926346e-06,-6.40538736972327e-06,-4.65620594132359e-05,-8.34131338204306e-06,-4.65621353043527e-05,-6.40540429849288e-06,-3.54903901940431e-06,-6.75875774903869e-05,-6.15243729605208e-05,-8.09438944912122e-06,-2.15071174806749e-05,-4.27175189981739e-05,-1.26231946827717e-05,-3.46209094123971e-05,-7.49357287416482e-06,-2.93964023478102e-05,-1.3408216304854e-05,-3.17730630843797e-05,-4.62523685643799e-05,-3.72399766677944e-05,-1.83180678997429e-06,-1.17900837599214e-05,-2.5659480728139e-05,-5.75235157327113e-06,-7.10230870376829e-06,-5.95746725449177e-06,-3.46764951952704e-05,-5.31033407297749e-07,-3.73353229485917e-06,-1.69495548691544e-05,-1.77949024977011e-05,-2.00452477124934e-05,-1.41377091576811e-07,-4.76392724524648e-05,-1.52241926504979e-05,-1.9708651203265e-05,-1.44325679983254e-05,-7.47235069543295e-05,-1.10087058527918e-05,-5.15019388387937e-06,-2.40918759674313e-05,-3.59427234400578e-05,-1.00429766715128e-05,-1.14091392557279e-06,-6.19872570644959e-06,-2.89594767068019e-06,-2.39781885031277e-05,-1.24796290186469e-06,-2.53487070766348e-05,-1.08741502036082e-05,-6.39644360439546e-06,-3.26345579752535e-05,-4.23540182454904e-05
-2.47690242360015e-05,-3.20708948733994e-05,-2.05622214019978e-06,-1.03830276127652e-05,-3.7366198742009e-06,-1.10615109543291e-05,-1.36004865982681e-05,-8.12285520540047e-06,-1.46570753242908e-05,-3.11913067598088e-05,-2.2893859021802e-05,-6.39813926576802e-06,-2.26627266905423e-06,-1.01227897955048e-05,-3.16209144428443e-06,-3.6652263855818e-05,-8.55430869461339e-06,-2.98197316272942e-05,-5.71486116643694e-06,-1.48773453251644e-05,-2.20882604961405e-05,-9.66250672138864e-06,-6.83267196291799e-06,-1.00404408578734e-06,-8.19985817383225e-06,-5.93813068624367e-06,-6.3100608185336e-06,-1.12639976803607e-05,-3.10333343563235e-05,-9.08727971558859e-06,-8.70206097213506e-06,-2.0386315020733e-05,-1.04062085346897e-05,-3.15548931136982e-05,-6.75067110056261e-05,-5.76310643970246e-06,-4.47499771035242e-05,-3.45579758247524e-06,-5.37253291594584e-06,-2.18860682182452e-05,-3.10098204166127e-06,-4.57833217944755e-06,-1.54603558786378e-06,-2.44490984990362e-05,-3.4898934271666e-06,-4.30045379157648e-05,-5.2643025440119e-06,-4.47418575103783e-05,-1.08209750111285e-05,-4.68571159878733e-06,-1.08209479031518e-05,-4.47423963733532e-05,-5.26433837055963e-06,-4.30046698931844e-05,-3.48978835125397e-06,-2.44492995644208e-05,-1.54597443845028e-06,-4.57831835386886e-06,-3.10104390332208e-06,-2.18860909283396e-05,-5.37252697388891e-06,-3.4555839229944e-06,-4.47499056237807e-05,-5.76317931922935e-06,-6.75067936875391e-05,-3.15549104412867e-05,-1.04062085346897e-05,-2.03863416192157e-05,-8.70209793144424e-06,-9.08709122359736e-06,-3.10332144064602e-05,-1.12640178568704e-05,-6.31007288064401e-06,-5.93806063642094e-06,-8.19988707861088e-06,-1.00408034466433e-06,-6.83270757025498e-06,-9.66252450856327e-06,-2.20882052831173e-05,-1.48772504257095e-05,-5.71463562827385e-06,-2.98197193940868e-05,-8.55414493539546e-06,-3.66523600499842e-05,-3.16225824290823e-06,-1.01225956539473e-05,-2.26567700553144e-06,-6.39814423351522e-06,-2.28938045354935e-05,-3.11913107143888e-05,-1.46571536269477e-05,-8.12314182880086e-06,-1.36006288616975e-05,-1.10618268967015e-05,-3.7366024153992e-06,-1.03831686349148e-05,-2.05608728735297e-06,-3.20710446869393e-05,-2.47690064433648e-05
0.106250968916028,0.103419647436874,0.0979408749860128,0.089424725158422,0.0784035858090756,0.0651893120909698,0.0494789854809981,0.0318406382435223,0.0125610237308744,-2.57707787716367e-06,-5.16406817330341e-06,-4.6715418719305e-05,-5.5989009600752e-06,-8.30099484335747e-06,-5.0162028616433e-05,-4.5448291848477e-05,-2.37479741791886e-05,-1.74172929435663e-05,-2.42533876339951e-05,-2.69082994496008e-07,-3.04628116547038e-06,-1.48612528883814e-05,-1.84368291795146e-05,-1.70435175573889e-05,-2.39615831608758e-05,-2.22330750237304e-06,-3.87676624765392e-06,-3.58661749996513e-06,-7.7815741894632e-06,-2.03294236538601e-05,-4.32938780073754e-07,-7.98411189028489e-06,-2.73733704893176e-05,-5.49836859486541e-06,-5.88596948876644e-06,-1.08432796661735e-05,-2.37713341936772e-05,-1.45823060740102e-06,-1.859867441996e-06,-2.8600674109482e-05,0.00269814502944771,0.0225733815317241,0.040979017463519,0.0575896277308658,0.0721631298598452,0.0841877245242459,0.0940330332161315,0.101086714353515,0.105276100442826,0.10670330775257,0.105276100442824,0.101086714353514,0.0940330332161325,0.0841877245242454,0.0721631298598452,0.0575896277308672,0.0409790174635199,0.0225733815317254,0.0026981450294493,-2.8600451678124e-05,-1.85983837309059e-06,-1.45843159112835e-06,-2.3771234162682e-05,-1.0843266635595e-05,-5.88569531350318e-06,-5.49839457414778e-06,-2.73733943586115e-05,-7.98402545185808e-06,-4.33027525957222e-07,-2.03295409285193e-05,-7.78160040383261e-06,-3.58660868982821e-06,-3.87680597159502e-06,-2.22330536308404e-06,-2.39614290904072e-05,-1.70434851476646e-05,-1.84369115849629e-05,-1.48613087616927e-05,-3.04617517601608e-06,-2.69042196089213e-07,-2.42531689402398e-05,-1.74173372365992e-05,-2.37479282631974e-05,-4.54482858626433e-05,-5.01626329653189e-05,-8.3009524415431e-06,-5.59891323139726e-06,-4.67153892705853e-05,-5.16407630674579e-06,-2.5769704571473e-06,0.0125610237308739,0.0318406382435244,0.0494789854809979,0.0651893120909695,0.0784035858090759,0.0894247251584197,0.0979408749860118,0.103419647436873,0.106250968916028
0.315451490548712,0.311557871132082,0.303684512527529,0.292401158193723,0.277790307447507,0.259422055883248,0.23857635135929,0.214826797092386,0.189381910137499,0.161661628742984,0.132638653928369,0.102919452150804,0.0727065495468534,0.0425181899289513,0.0131610339103421,-2.81792949397967e-05,-1.74969859878401e-05,-3.0278445894015e-05,-1.98399169404986e-05,-3.08984056228364e-05,-3.84191794867427e-06,-8.56548952598582e-06,-2.10833688593658e-06,-3.28877142553959e-05,-1.10088428512742e-05,-7.58986644442003e-06,-3.83546628136544e-05,-3.26082971850931e-06,-9.56938300013515e-06,-7.57864494751538e-06,-8.93991598545679e-07,-1.6325663502309e-05,-3.21158778990606e-05,-7.97415766591906e-06,-1.14672193407924e-05,0.0277364746703895,0.0576977605862714,0.0877229117723451,0.118087552055633,0.147486440391036,0.175699090537529,0.202495086865989,0.226921206294688,0.249597345813605,0.269000347572569,0.285637651553291,0.298704472368248,0.30799562992494,0.313933109940621,0.315710445320991,0.31393310994062,0.307995629924939,0.29870447236825,0.28563765155329,0.269000347572569,0.249597345813607,0.22692120629469,0.202495086865989,0.175699090537531,0.147486440391035,0.118087552055634,0.0877229117723452,0.0576977605862714,0.0277364746703878,-1.14672228743529e-05,-7.97408074975076e-06,-3.21161468025136e-05,-1.63256160545464e-05,-8.93992470100532e-07,-7.57837105995807e-06,-9.56938300013515e-06,-3.26063312140906e-06,-3.83548619925961e-05,-7.59019907818864e-06,-1.10089891750655e-05,-3.28877884532002e-05,-2.10835473708481e-06,-8.56530787142795e-06,-3.84196374864755e-06,-3.08984346604705e-05,-1.98399453775522e-05,-3.02784521026036e-05,-1.74969759847898e-05,-2.81794202881135e-05,0.0131610339103418,0.04251818992895,0.0727065495468529,0.102919452150804,0.132638653928371,0.161661628742983,0.189381910137497,0.214826797092387,0.238576351359289,0.259422055883247,0.277790307447508,0.292401158193722,0.30368451252753,0.311557871132081,0.315451490548711
0.528308041288235,0.523342558963741,0.513485357364953,0.499265194981207,0.480101563849733,0.457243165755234,0.430715758262084,0.400758370163909,0.368509673275579,0.334092550996672,0.297438541172542,0.260477956397557,0.223362047497158,0.186381491323358,0.15003779074791,0.115393062086017,0.0825486922131961,0.0521430670110179,0.0249779077104251,0.000897008692615126,-1.25960206068478e-05,-2.1174791199201e-05,-3.05956532654258e-06,-1.33902540672104e-06,-2.9264429646739e-05,-1.89973364234776e-05,-3.00267495884274e-05,-2.63737891277204e-05,-4.65293217711143e-05,-1.89415942765549e-05,0.0123573851840289,0.0382782438519339,0.0671978241992438,0.098794974555974,0.132538716133278,0.168058933729751,0.204772291046378,0.241894287619035,0.279212545226652,0.315616346408083,0.351373228393463,0.384820109004277,0.416027562890585,0.444169250998144,0.469301701373764,0.490160806219423,0.506846286440604,0.519023067627117,0.526707515365561,0.529218090008375,0.52670751536556,0.519023067627116,0.506846286440604,0.490160806219424,0.469301701373764,0.444169250998147,0.416027562890589,0.384820109004278,0.351373228393465,0.315616346408086,0.279212545226649,0.241894287619035,0.204772291046378,0.168058933729751,0.132538716133279,0.0987949745559739,0.0671978241992454,0.038278243851933,0.0123573851840293,-1.89415907531593e-05,-4.65294029168191e-05,-2.63736865277941e-05,-3.00267294388838e-05,-1.89970679589355e-05,-2.92644152319628e-05,-1.33905441971414e-06,-3.05948713016704e-06,-2.11748092278985e-05,-1.25959485921897e-05,0.000897008692614729,0.0249779077104259,0.0521430670110151,0.0825486922131973,0.115393062086017,0.150037790747905,0.186381491323358,0.223362047497157,0.260477956397556,0.297438541172542,0.334092550996671,0.368509673275577,0.400758370163911,0.430715758262083,0.457243165755231,0.480101563849734,0.499265194981207,0.513485357364952,0.523342558963743,0.528308041288237
0.737424881326708,0.731449198948757,0.719352647985362,0.701567394042668,0.678312852431612,0.650277689354883,0.619159776441236,0.582366796918178,0.543012395263403,0.501236728087053,0.458186544496316,0.414542793615132,0.37085116063315,0.327859276186945,0.28521578331631,0.245296434193531,0.208018966342655,0.173729114555996,0.143224702513379,0.116280185257763,0.0935636457208655,0.0755489852346231,0.0621792263443916,0.0532792245690388,0.0497152859252625,0.0507789256570422,0.0572087348722137,0.0681743860818339,0.083898380961045,0.104500865821712,0.129213642681427,0.157847296830778,0.190749462594268,0.226509925515914,0.264936298248385,0.305901135076066,0.348969106270432,0.392440490759158,0.436448680921646,0.479778395684665,0.522192868520152,0.562951168468901,0.601232549124235,0.635922788873811,0.665020104283947,0.690590874319038,0.710982796131638,0.726105529459495,0.735253570539395,0.738279192182765,0.735253570539395,0.726105529459495,0.710982796131644,0.690590874319041,0.665020104283945,0.635922788873815,0.601232549124235,0.562951168468903,0.522192868520152,0.479778395684664,0.436448680921645,0.392440490759158,0.348969106270431,0.305901135076065,0.264936298248386,0.226509925515917,0.190749462594268,0.15784729683078,0.129213642681428,0.104500865821712,0.0838983809610465,0.068174386081834,0.057208734872215,0.0507789256570424,0.0497152859252631,0.05327922456904,0.0621792263443921,0.0755489852346221,0.0935636457208645,0.11628018525776,0.143224702513379,0.173729114555997,0.208018966342656,0.24529643419353,0.285215783316307,0.327859276186943,0.370851160633149,0.414542793615131,0.458186544496315,0.501236728087052,0.543012395263401,0.582366796918183,0.619159776441232,0.650277689354886,0.67831285243161,0.701567394042668,0.719352647985364,0.731449198948758,0.737424881326708
0.936534463985242,0.929066507119458,0.9149428982094,0.893524542092146,0.865999881858517,0.832688769574275,0.794784647929615,0.752359486413803,0.706453520326547,0.658560064412479,0.610043713533826,0.559617961154073,0.509679741450645,0.461017303539491,0.414507812400945,0.371087825872452,0.330592296728412,0.293298061609211,0.260636668297855,0.232553431787499,0.2090255233526,0.190204112299713,0.176111513600323,0.167458384686761,0.16381578543452,0.164778388221024,0.171108548065146,0.182474497312737,0.19892892630017,0.220112814604258,0.245948156202407,0.276567896228735,0.311114902918918,0.35028643140225,0.392436876661753,0.437452021530329,0.484939668253906,0.53418482919854,0.584898701443509,0.635140796639456,0.682825805720358,0.729678611100552,0.773982617179386,0.814266727943993,0.849956803516677,0.88077439187393,0.905017338885763,0.923033570556243,0.933609125763513,0.937394266893142,0.933609125763511,0.923033570556241,0.905017338885762,0.880774391873927,0.849956803516672,0.814266727943996,0.773982617179386,0.729678611100559,0.68282580572036,0.635140796639454,0.584898701443511,0.53418482919854,0.484939668253905,0.437452021530328,0.392436876661752,0.350286431402252,0.311114902918921,0.276567896228737,0.245948156202406,0.220112814604259,0.198928926300173,0.182474497312735,0.171108548065146,0.164778388221022,0.163815785434521,0.167458384686757,0.176111513600324,0.190204112299712,0.209025523352596,0.232553431787498,0.260636668297855,0.293298061609213,0.330592296728414,0.371087825872449,0.414507812400939,0.461017303539489,0.509679741450645,0.559617961154072,0.610043713533825,0.658560064412474,0.706453520326539,0.752359486413808,0.794784647929612,0.832688769574278,0.865999881858518,0.893524542092148,0.9149428982094,0.929066507119455,0.936534463985245
1.11161756555108,1.10328942859755,1.08762108077187,1.06446436879944,1.03494529000387,0.999273136763548,0.955275307604199,0.906971742617759,0.854891896744701,0.800837692530966,0.745341369936007,0.690099969248348,0.637018879895142,0.584184218842562,0.534021552870324,0.48762303417092,0.445757574791482,0.408057884739805,0.375266090449664,0.34740451934608,0.323910626270575,0.305608731987615,0.29233930927983,0.283931540064276,0.280442904272436,0.281726770890548,0.287457231361547,0.298247232686795,0.314105694513614,0.335342350443382,0.360823127488062,0.391133936144789,0.426402301306682,0.466067002045516,0.510318302137238,0.558579081774343,0.610273593458137,0.662701237139747,0.717692682398794,0.773247461140683,0.827886468710128,0.881220124003686,0.931499940070472,0.978150151729015,1.01773374496117,1.05039822051545,1.0767199381109,1.09642833546827,1.10840532576919,1.1124194205979,1.1084053257692,1.09642833546827,1.0767199381109,1.05039822051545,1.01773374496117,0.978150151729016,0.931499940070479,0.881220124003683,0.827886468710131,0.773247461140677,0.717692682398792,0.662701237139748,0.61027359345814,0.558579081774343,0.510318302137239,0.466067002045519,0.426402301306683,0.39113393614479,0.360823127488062,0.335342350443382,0.314105694513613,0.298247232686795,0.287457231361548,0.281726770890549,0.280442904272435,0.283931540064275,0.29233930927983,0.305608731987616,0.323910626270575,0.347404519346083,0.375266090449664,0.408057884739808,0.445757574791482,0.487623034170921,0.534021552870322,0.584184218842562,0.637018879895142,0.690099969248348,0.745341369936005,0.800837692530959,0.854891896744695,0.906971742617768,0.955275307604195,0.999273136763547,1.03494529000388,1.06446436879944,1.08762108077187,1.10328942859755,1.11161756555108
1.26885157266282,1.25921163518868,1.24040252708509,1.21244504343824,1.17728282210519,1.13567334683225,1.0886471323485,1.03816616372242,0.984214112484314,0.924057736285764,0.863618053211988,0.803906808438567,0.746037409795911,0.691416868055195,0.640714514050968,0.594137536462307,0.551993885866934,0.515253965811118,0.483641135869474,0.457705498277231,0.436638626727604,0.420300953612593,0.408607835464272,0.401290786762359,0.398395394787228,0.399226376748311,0.404641469694979,0.414036311696891,0.427910742602872,0.446641751460025,0.469988242736145,0.498815319100838,0.533076827488807,0.572461656526884,0.617415459624513,0.665309178200836,0.718197878600485,0.77488953988465,0.833676794266807,0.893845305099558,0.953916590521889,1.01173323995506,1.06378091875364,1.11285064755557,1.1572357620103,1.19602085881153,1.22726467799148,1.25102844159848,1.26508544472105,1.26998093866895,1.26508544472105,1.25102844159848,1.22726467799148,1.19602085881153,1.1572357620103,1.11285064755557,1.06378091875365,1.01173323995505,0.953916590521887,0.89384530509956,0.833676794266809,0.774889539884651,0.718197878600488,0.665309178200838,0.617415459624513,0.572461656526885,0.533076827488808,0.498815319100842,0.469988242736144,0.446641751460026,0.427910742602871,0.414036311696891,0.40464146969498,0.39922637674831,0.39839539478723,0.401290786762358,0.408607835464271,0.420300953612594,0.436638626727601,0.457705498277233,0.483641135869475,0.515253965811121,0.551993885866934,0.594137536462302,0.640714514050961,0.691416868055189,0.746037409795908,0.803906808438565,0.863618053211988,0.92405773628576,0.984214112484312,1.03816616372241,1.0886471323485,1.13567334683224,1.17728282210519,1.21244504343825,1.2404025270851,1.25921163518869,1.26885157266282
1.41040771709532,1.39920445982704,1.37637549081594,1.3435637177095,1.30250274026016,1.25387391348993,1.20001586474908,1.14244192515256,1.08291992253237,1.02324758487184,0.960815571041028,0.897763837581313,0.838199476587249,0.782327448150224,0.731370725005032,0.686074256260341,0.646464461026495,0.614028387413269,0.585772772930676,0.563208617564992,0.54540182923761,0.532536809092085,0.523186828115443,0.517803890104647,0.515565155489166,0.516295811167004,0.520182687256089,0.527356168776114,0.538584849877336,0.553629077457685,0.573699003357054,0.599362984090447,0.630410116742658,0.665531025928905,0.708038212628378,0.756322849468474,0.809487158829851,0.867667785598944,0.929028402712825,0.993461470792917,1.05307615159909,1.11314757570524,1.17156419826461,1.22775859193541,1.2787982410805,1.32419997010586,1.3611391361671,1.38905794758817,1.40639426766556,1.41191086837904,1.40639426766556,1.38905794758817,1.3611391361671,1.32419997010586,1.27879824108049,1.22775859193541,1.17156419826461,1.11314757570524,1.05307615159909,0.99346147079292,0.929028402712825,0.867667785598943,0.809487158829853,0.756322849468469,0.70803821262838,0.665531025928906,0.630410116742659,0.599362984090449,0.573699003357054,0.553629077457688,0.538584849877338,0.527356168776117,0.52018268725609,0.516295811167004,0.515565155489165,0.517803890104647,0.523186828115442,0.532536809092085,0.545401829237611,0.563208617564994,0.585772772930676,0.614028387413268,0.646464461026497,0.68607425626034,0.731370725005021,0.782327448150222,0.838199476587251,0.897763837581312,0.960815571041032,1.02324758487184,1.08291992253237,1.14244192515256,1.20001586474908,1.25387391348993,1.30250274026016,1.3435637177095,1.37637549081594,1.39920445982704,1.41040771709532
1.53159954337791,1.51809789035773,1.49177233337556,1.45345185998853,1.40562886180937,1.3504878262323,1.28965454529326,1.22569169731261,1.15998923697987,1.09508116376406,1.03224027432284,0.970438242796916,0.910044133275653,0.854945893991986,0.80618751842487,0.763985697749066,0.728948858178511,0.700402895194249,0.67814124528393,0.661246378231459,0.648805260036445,0.641108360926335,0.635921539447853,0.633191024484883,0.631792050599615,0.632350392607958,0.634170099880367,0.638274137330897,0.644349006375791,0.654600920454188,0.668819039110742,0.688531129181463,0.713763701059658,0.745493270804146,0.78419639106961,0.829561740332243,0.8817536771475,0.939404666904072,1.00196570279462,1.06329459283071,1.12749964758846,1.19278889753974,1.25805051957974,1.32067416037477,1.37886100522965,1.43065985080594,1.47395814362109,1.50631898547999,1.52641262012048,1.5334826403825,1.52641262012048,1.50631898547999,1.4739581436211,1.43065985080594,1.37886100522965,1.32067416037476,1.25805051957975,1.19278889753974,1.12749964758846,1.06329459283071,1.00196570279461,0.939404666904072,0.881753677147501,0.829561740332249,0.78419639106961,0.745493270804142,0.71376370105966,0.688531129181465,0.66881903911074,0.654600920454189,0.644349006375793,0.638274137330896,0.634170099880369,0.632350392607961,0.631792050599616,0.633191024484882,0.635921539447854,0.641108360926334,0.648805260036439,0.661246378231459,0.678141245283928,0.700402895194249,0.728948858178513,0.763985697749062,0.806187518424864,0.854945893991985,0.910044133275654,0.970438242796908,1.03224027432285,1.09508116376406,1.15998923697986,1.22569169731261,1.28965454529326,1.3504878262323,1.40562886180937,1.45345185998853,1.49177233337556,1.51809789035772,1.53159954337792
1.61769307491356,1.60293620745374,1.57496322708716,1.53785418957981,1.48386855277829,1.42203918539606,1.3547256853048,1.28476406154377,1.21409326179025,1.14523342476349,1.07965882356135,1.019141468544,0.961073778796511,0.908515159710769,0.863527335384926,0.826723119204365,0.798015853049004,0.776499380640401,0.7611626191783,0.751670495337574,0.746201241230172,0.743389224319613,0.742382128418801,0.742100242676494,0.742281103178675,0.742189683681234,0.742197703178475,0.742635902214423,0.744393375887501,0.748292646134037,0.755866380775476,0.768205227973474,0.786258199273104,0.811497299914577,0.843997831763138,0.885038289051309,0.933822671429177,0.990798861127622,1.04846980665136,1.11182008107893,1.1792742755786,1.24937525366578,1.31986644971323,1.38890881288473,1.45367467085543,1.51229414171443,1.55862687674846,1.59012428440649,1.61223582191969,1.6195343715908,1.61223582191969,1.5901242844065,1.55862687674847,1.51229414171443,1.45367467085542,1.38890881288473,1.31986644971323,1.24937525366578,1.17927427557861,1.11182008107894,1.04846980665136,0.990798861127626,0.933822671429175,0.885038289051309,0.843997831763138,0.811497299914582,0.786258199273107,0.768205227973476,0.755866380775478,0.748292646134035,0.744393375887503,0.742635902214423,0.742197703178477,0.742189683681234,0.742281103178671,0.742100242676492,0.742382128418797,0.743389224319611,0.74620124123017,0.751670495337574,0.761162619178298,0.776499380640399,0.798015853049,0.826723119204367,0.863527335384921,0.908515159710768,0.961073778796515,1.01914146854399,1.07965882356135,1.1452334247635,1.21409326179024,1.28476406154376,1.3547256853048,1.42203918539606,1.48386855277829,1.53785418957981,1.57496322708717,1.60293620745374,1.61769307491356
1.67653444721433,1.66180969522032,1.63220901415484,1.58674866010065,1.53477745997699,1.46685322785949,1.39384800270004,1.31880959451353,1.24435068205418,1.17255413605002,1.10600284288641,1.04562667100832,0.992740065134035,0.943471261145618,0.904024053895637,0.874272130652914,0.853605852303481,0.840665257369371,0.834517950927801,0.833683976073448,0.835949603319459,0.840050704439394,0.844349352116884,0.847677792354397,0.849340517482087,0.84862122886749,0.846381932948342,0.842421255598503,0.837896429407358,0.834635989557784,0.833596635418335,0.836959342189863,0.846083975526158,0.862802672721596,0.888135338597117,0.922556989916186,0.966359305697559,1.01808801943575,1.07465488849241,1.13871277070315,1.20803810773156,1.28144635959502,1.35633093671089,1.43072975422866,1.50159909984495,1.56207481276532,1.61101179708648,1.64925041831994,1.67085577879572,1.67812112603904,1.67085577879571,1.64925041831993,1.61101179708649,1.56207481276531,1.50159909984496,1.43072975422866,1.35633093671089,1.28144635959501,1.20803810773156,1.13871277070315,1.07465488849242,1.01808801943576,0.966359305697562,0.922556989916187,0.888135338597118,0.862802672721604,0.846083975526163,0.836959342189862,0.833596635418339,0.834635989557784,0.837896429407363,0.842421255598501,0.846381932948347,0.848621228867489,0.849340517482092,0.847677792354395,0.844349352116885,0.840050704439391,0.835949603319454,0.833683976073447,0.834517950927804,0.84066525736937,0.853605852303481,0.87427213065291,0.904024053895635,0.943471261145618,0.992740065134035,1.04562667100832,1.1060028428864,1.17255413605,1.24435068205418,1.31880959451353,1.39384800270003,1.46685322785949,1.53477745997699,1.58674866010066,1.63220901415484,1.66180969522032,1.67653444721434
1.70663916095883,1.69077591904788,1.66024903885855,1.61321342991645,1.55548731640237,1.48532701354056,1.40789722059553,1.32911574946271,1.25210029757571,1.1791143065791,1.1122107754659,1.05317486741636,1.00375895091708,0.960919634363074,0.928807098801495,0.907664270224792,0.896199127910218,0.893540034685399,0.897907205238064,0.906866062662623,0.918006741007141,0.929633055110163,0.939928266514826,0.947157258973433,0.950492621791786,0.949205230015979,0.943913412248289,0.935051789424175,0.923763894428068,0.912262401511669,0.901823877596063,0.8951439126539,0.894173657818034,0.900916893186607,0.916772495799576,0.943438928488849,0.981489979055357,1.02725139267768,1.08164758880246,1.14467010176881,1.21468658540982,1.29032885226504,1.36856222347458,1.44685075822058,1.52225913916451,1.58376789772788,1.63946419803028,1.67727423654711,1.70071493488003,1.70831064963091,1.70071493488002,1.6772742365471,1.63946419803028,1.58376789772788,1.52225913916451,1.44685075822058,1.36856222347458,1.29032885226504,1.21468658540982,1.1446701017688,1.08164758880247,1.02725139267769,0.981489979055356,0.94343892848885,0.916772495799575,0.900916893186607,0.894173657818039,0.8951439126539,0.901823877596059,0.912262401511668,0.923763894428065,0.935051789424179,0.943913412248289,0.949205230015983,0.950492621791789,0.947157258973428,0.939928266514827,0.929633055110163,0.918006741007137,0.906866062662624,0.897907205238062,0.893540034685398,0.896199127910216,0.907664270224795,0.92880709880149,0.960919634363073,1.00375895091708,1.05317486741635,1.1122107754659,1.1791143065791,1.25210029757571,1.32911574946272,1.40789722059553,1.48532701354056,1.55548731640237,1.61321342991645,1.66024903885856,1.69077591904788,1.70663916095883
1.71386136624785,1.69709060125463,1.66455085829776,1.61470332833405,1.5541527284712,1.48006661392168,1.39926870484575,1.31830908273639,1.2398083037651,1.16651682800308,1.10090130062364,1.04481720181597,0.99958172827536,0.962910374288754,0.939102589404981,0.927532910452458,0.927236390449516,0.935858520406418,0.951029155234194,0.970731759447493,0.992574872773679,1.0104782218939,1.02594891853008,1.03652738467711,1.04095766310741,1.03955907928224,1.03180860216403,1.01882997481627,1.00189986724311,0.981616593874782,0.960508885373733,0.942966214698876,0.930312827197312,0.926326217785011,0.932154793912396,0.949714286771317,0.980031210536385,1.02083081721676,1.07167144057557,1.13265908229819,1.20232240189492,1.27861470623761,1.35882962831128,1.43985646651289,1.51889734351036,1.58362885024431,1.6424501585581,1.68280064511376,1.70727560646954,1.71559445092064,1.70727560646955,1.68280064511375,1.64245015855809,1.58362885024431,1.51889734351036,1.4398564665129,1.35882962831127,1.27861470623761,1.20232240189493,1.13265908229819,1.07167144057556,1.02083081721676,0.980031210536388,0.949714286771315,0.9321547939124,0.926326217785007,0.930312827197312,0.942966214698877,0.960508885373732,0.981616593874779,1.0018998672431,1.01882997481626,1.03180860216402,1.03955907928225,1.04095766310741,1.03652738467711,1.02594891853008,1.0104782218939,0.992574872773674,0.970731759447493,0.951029155234195,0.935858520406423,0.927236390449516,0.927532910452457,0.939102589404981,0.962910374288755,0.999581728275358,1.04481720181597,1.10090130062364,1.16651682800308,1.23980830376511,1.3183090827364,1.39926870484575,1.48006661392168,1.5541527284712,1.61470332833406,1.66455085829777,1.69709060125462,1.71386136624785
1.70148125634594,1.68401874942566,1.64998579515453,1.59621200690281,1.53383962891183,1.45558772620087,1.37306517495351,1.2904052046986,1.21170510211855,1.13912356883579,1.07556263147054,1.02335344502413,0.982163023346694,0.952434538202508,0.937816255495758,0.936917272702303,0.947569159016339,0.968124028955305,0.995733638665278,1.02392412588286,1.05234267676107,1.07869547323063,1.10023389966378,1.11491657145039,1.12151076062995,1.11952008583892,1.10856331095077,1.09036339855967,1.06599606728453,1.03835556727423,1.00943289296413,0.981454751061525,0.956849492224026,0.940983305087597,0.935783403209767,0.943425075486127,0.965186678973981,1.00138613888019,1.04769557782296,1.10621372388212,1.17442729588764,1.25042885291352,1.33138250821768,1.41429823800698,1.49541045961504,1.5656224991764,1.62534830771054,1.66916136888302,1.69529025068456,1.703742348476,1.69529025068457,1.66916136888302,1.62534830771054,1.56562249917639,1.49541045961503,1.41429823800698,1.33138250821769,1.25042885291352,1.17442729588765,1.10621372388212,1.04769557782297,1.0013861388802,0.965186678973986,0.943425075486135,0.935783403209765,0.940983305087599,0.956849492224021,0.981454751061523,1.00943289296412,1.03835556727423,1.06599606728453,1.09036339855967,1.10856331095077,1.11952008583893,1.12151076062995,1.11491657145039,1.10023389966378,1.07869547323063,1.05234267676107,1.02392412588287,0.995733638665279,0.968124028955304,0.947569159016342,0.936917272702301,0.937816255495755,0.952434538202504,0.982163023346689,1.02335344502413,1.07556263147054,1.13912356883579,1.21170510211855,1.2904052046986,1.3730651749535,1.45558772620088,1.53383962891184,1.59621200690281,1.64998579515453,1.68401874942565,1.70148125634594
1.67551887296662,1.65719134866077,1.61918718733833,1.56474297416271,1.49757302968743,1.41769354478417,1.33413777792744,1.2512703361633,1.17256722451267,1.10126738346966,1.04073916700672,0.992483949615639,0.95440530969083,0.932826431935263,0.927573684577749,0.937203279979332,0.959481911570318,0.99263551437569,1.02847229834546,1.06699310270749,1.10512860492489,1.13958162735999,1.16773607267258,1.18633683697808,1.19498611989599,1.19202340212286,1.1784119943599,1.1544094916814,1.12292952304463,1.08616574493322,1.04739741017042,1.00970749213124,0.974462963425373,0.946916030947049,0.930609176920709,0.928318031740133,0.94157483178179,0.970891239113734,1.01490949485717,1.06958797853008,1.13578458070497,1.2113278589265,1.29236669805808,1.37608477434949,1.45844371328328,1.53455915058979,1.59281944886247,1.64110671418725,1.66886225423681,1.67777418228326,1.66886225423681,1.64110671418725,1.59281944886248,1.53455915058979,1.45844371328327,1.3760847743495,1.29236669805809,1.21132785892651,1.13578458070497,1.06958797853008,1.01490949485717,0.970891239113731,0.941574831781791,0.928318031740133,0.930609176920709,0.946916030947052,0.974462963425378,1.00970749213124,1.04739741017042,1.08616574493322,1.12292952304463,1.1544094916814,1.1784119943599,1.19202340212285,1.19498611989599,1.18633683697808,1.16773607267258,1.13958162736,1.10512860492489,1.06699310270749,1.02847229834545,0.99263551437569,0.959481911570319,0.937203279979332,0.927573684577746,0.932826431935266,0.954405309690825,0.992483949615635,1.04073916700672,1.10126738346966,1.17256722451266,1.25127033616331,1.33413777792743,1.41769354478418,1.49757302968743,1.56474297416271,1.61918718733833,1.65719134866077,1.67551887296662
1.64070214403452,1.61974258344225,1.57868295664581,1.52604015149093,1.45326172936585,1.3728381952824,1.2888878225028,1.20585732039747,1.12787493218211,1.05844124730278,1.00044266490767,0.952427026126025,0.921292345503229,0.907384734299726,0.911225894847129,0.93137896403821,0.964894896065298,1.00785651082208,1.05396675267468,1.10250404793669,1.15019015078766,1.192496073015,1.22663429862453,1.24986021207985,1.26017428514728,1.25677653813557,1.23995723111119,1.21093805161306,1.17196679986685,1.12693333818943,1.07815695102845,1.03048973629213,0.986318282055258,0.946584933920294,0.919381621669912,0.907305885545916,0.912065549541867,0.934714459903332,0.974600606870507,1.02778121885638,1.0919052366816,1.16590958847034,1.24707375471725,1.33103360988463,1.41363911175363,1.49114078618559,1.55552587733048,1.60145567846876,1.63262174386711,1.64346641900044,1.63262174386712,1.60145567846876,1.55552587733049,1.49114078618558,1.41363911175362,1.33103360988463,1.24707375471725,1.16590958847034,1.0919052366816,1.02778121885638,0.974600606870505,0.934714459903334,0.912065549541877,0.907305885545917,0.919381621669911,0.946584933920297,0.986318282055255,1.03048973629212,1.07815695102845,1.12693333818942,1.17196679986685,1.21093805161306,1.23995723111119,1.25677653813557,1.26017428514728,1.24986021207985,1.22663429862454,1.19249607301499,1.15019015078766,1.10250404793668,1.05396675267468,1.00785651082208,0.964894896065299,0.93137896403821,0.911225894847131,0.907384734299728,0.921292345503228,0.952427026126027,1.00044266490767,1.05844124730278,1.12787493218211,1.20585732039747,1.2888878225028,1.37283819528241,1.45326172936585,1.52604015149093,1.57868295664581,1.61974258344225,1.64070214403452
1.5989362187935,1.57734387943079,1.54115528875047,1.48085095349429,1.40749418710483,1.32682028970022,1.24265575201325,1.15987172304362,1.08320309489631,1.01542429676947,0.95629654416152,0.9124189949699,0.886581033916045,0.880035603863932,0.892660611480044,0.922027074331946,0.965373435679392,1.0181047846916,1.07352858161694,1.13127167698956,1.18689009691514,1.23689783096071,1.27686820401979,1.30385733591995,1.3158968338577,1.31192655150435,1.29186483202267,1.25835859487554,1.21288397281757,1.15966086363184,1.10233313106029,1.04519510502575,0.992175412199547,0.942069951425995,0.90516510935562,0.883946331756501,0.880901839882121,0.897163560818242,0.932169549888463,0.985376115829014,1.04758165649204,1.12046836431636,1.2010236287008,1.28472819405096,1.36772183226721,1.44556892997385,1.51293556857006,1.56150494567986,1.59066031978533,1.60174270691856,1.59066031978533,1.56150494567986,1.51293556857006,1.44556892997384,1.36772183226722,1.28472819405096,1.2010236287008,1.12046836431636,1.04758165649204,0.985376115829013,0.932169549888465,0.897163560818242,0.88090183988212,0.883946331756498,0.905165109355619,0.942069951425996,0.992175412199543,1.04519510502575,1.10233313106029,1.15966086363184,1.21288397281758,1.25835859487553,1.29186483202267,1.31192655150435,1.31589683385771,1.30385733591995,1.27686820401979,1.2368978309607,1.18689009691514,1.13127167698956,1.07352858161693,1.01810478469159,0.965373435679388,0.922027074331944,0.892660611480047,0.880035603863932,0.886581033916045,0.912418994969899,0.956296544161518,1.01542429676946,1.08320309489631,1.15987172304363,1.24265575201325,1.32682028970023,1.40749418710483,1.48085095349429,1.54115528875047,1.57734387943078,1.59893621879351
1.56210045872985,1.54324846191248,1.50004369036533,1.43947651713706,1.36603474324858,1.28472245962121,1.2011230376703,1.11872085520527,1.04223476631125,0.973862552149725,0.916069235781492,0.875777643619257,0.854799736966649,0.854519775566836,0.873902201089003,0.911550563449292,0.963622186719691,1.02438157817731,1.08763338452768,1.15304958735143,1.21611174650972,1.27182816548036,1.31676943199231,1.34713493519128,1.36068005409404,1.3560636711119,1.33412378656143,1.29591946968251,1.24499964268761,1.1852647152461,1.12063868253734,1.055365452272,0.994358096957024,0.936116183202575,0.890744575693353,0.862072005431734,0.852057986018161,0.862893968703076,0.893665627487012,0.943295578941209,1.00783499794642,1.07935338207157,1.15937270405857,1.24296158116706,1.32630838169123,1.40396684746145,1.47162445598046,1.52417318417507,1.55505808651555,1.56431337098984,1.55505808651555,1.52417318417507,1.47162445598046,1.40396684746144,1.32630838169124,1.24296158116706,1.15937270405858,1.07935338207157,1.00783499794642,0.943295578941211,0.893665627487013,0.862893968703082,0.852057986018164,0.862072005431737,0.890744575693357,0.936116183202577,0.994358096957021,1.05536545227199,1.12063868253735,1.1852647152461,1.24499964268761,1.29591946968252,1.33412378656143,1.3560636711119,1.36068005409404,1.34713493519128,1.31676943199232,1.27182816548035,1.21611174650971,1.15304958735143,1.08763338452767,1.0243815781773,0.963622186719692,0.911550563449292,0.873902201089005,0.854519775566833,0.854799736966648,0.875777643619257,0.916069235781492,0.973862552149722,1.04223476631125,1.11872085520527,1.2011230376703,1.28472245962121,1.36603474324858,1.43947651713706,1.50004369036534,1.54324846191247,1.56210045872986
1.53314710211246,1.51030108885905,1.46707204049957,1.40610550019793,1.3329928340526,1.25193045865416,1.16797485276172,1.08587759081864,1.01012459439089,0.94009853262054,0.884208870107951,0.846159095032556,0.829284874804561,0.833668643444993,0.858981899308395,0.902462248920541,0.960944470922817,1.02780421813648,1.09720790156578,1.16870839227695,1.23685358746685,1.29747023535343,1.34596965374846,1.37903271372207,1.39359022703495,1.38874873165895,1.3647017754875,1.32330367540215,1.26825936297397,1.20343550431611,1.13311588078053,1.06202664538032,0.994813033444434,0.9302644418071,0.878473717173145,0.843643432702569,0.82882539472668,0.83524040391603,0.862644184774247,0.910033483456322,0.974090947207273,1.04671345768266,1.12612815779145,1.20986465269435,1.2931474958901,1.37103350294378,1.43854064623704,1.49109812564754,1.52465028831968,1.5360341807848,1.52465028831967,1.49109812564755,1.43854064623704,1.37103350294378,1.2931474958901,1.20986465269436,1.12612815779145,1.04671345768266,0.974090947207276,0.910033483456323,0.862644184774243,0.835240403916029,0.828825394726684,0.843643432702568,0.878473717173144,0.9302644418071,0.994813033444428,1.06202664538031,1.13311588078053,1.2034355043161,1.26825936297397,1.32330367540214,1.3647017754875,1.38874873165895,1.39359022703496,1.37903271372207,1.34596965374846,1.29747023535343,1.23685358746685,1.16870839227694,1.09720790156578,1.02780421813648,0.960944470922819,0.90246224892054,0.858981899308398,0.833668643444994,0.829284874804559,0.846159095032559,0.884208870107948,0.940098532620539,1.01012459439089,1.08587759081865,1.16797485276172,1.25193045865416,1.3329928340526,1.40610550019793,1.46707204049957,1.51030108885905,1.53314710211246
1.51192006198733,1.48928429040191,1.44564369069068,1.38497461606466,1.31182955385113,1.23029913150211,1.14668537484339,1.06469747112713,0.989407012868418,0.918355315083767,0.863490993995111,0.827255682023823,0.812632499241012,0.819958956154071,0.848651937719891,0.896307243576698,0.958885230760035,1.02960524624681,1.10288191175164,1.17757351425589,1.24934679767534,1.31266035274589,1.36369470525738,1.39832213881268,1.41388046578659,1.40854563624748,1.38339820482528,1.34011146435288,1.28240066069541,1.21413973145728,1.1401471372495,1.06564932541426,0.994678327979704,0.926063185269756,0.870253754249635,0.831962305366238,0.813570620571132,0.817365553072038,0.842916589277945,0.888896575712114,0.951904027636099,1.02614481177942,1.10514723474915,1.18852825905669,1.27173180742583,1.34970311424482,1.41711435214628,1.46996458122026,1.50322344224067,1.51488015906597,1.50322344224066,1.46996458122026,1.41711435214627,1.34970311424483,1.27173180742582,1.18852825905669,1.10514723474915,1.02614481177942,0.951904027636099,0.888896575712114,0.842916589277948,0.81736555307204,0.813570620571133,0.831962305366233,0.870253754249634,0.926063185269756,0.994678327979703,1.06564932541425,1.14014713724949,1.21413973145726,1.28240066069542,1.34011146435288,1.38339820482528,1.40854563624749,1.41388046578659,1.39832213881268,1.36369470525738,1.31266035274589,1.24934679767533,1.17757351425588,1.10288191175163,1.02960524624681,0.958885230760031,0.896307243576704,0.848651937719893,0.819958956154073,0.812632499241014,0.82725568202382,0.863490993995105,0.918355315083762,0.98940701286841,1.06469747112713,1.14668537484339,1.23029913150211,1.31182955385113,1.38497461606466,1.44564369069068,1.4892842904019,1.51192006198733
1.50489600850738,1.48201759268012,1.43834806856291,1.37793242888252,1.30448995948388,1.22306352695158,1.13929407468802,1.05748321209369,0.981275810875153,0.910727986953193,0.856261360329778,0.820822108636655,0.807027218636405,0.815174057192155,0.845337706837372,0.89386675868516,0.958039487445334,1.0299053119882,1.10471426259893,1.1805583648306,1.25333920155739,1.31776982281591,1.36986833072078,1.40488182326029,1.4205555719422,1.41534241679048,1.38992141993702,1.34567749468988,1.28685218132162,1.21750777270179,1.14261444737954,1.06674659336422,0.994556751756878,0.924574335168948,0.867321195172673,0.827652580136874,0.808473931647617,0.811064277249134,0.835801120500562,0.881373949186816,0.944352690276093,1.01902058169334,1.09798736956477,1.181379510265,1.26444067693866,1.34229890643605,1.40994260141948,1.4624839032531,1.49608237459227,1.50748524095934,1.49608237459227,1.4624839032531,1.40994260141948,1.34229890643605,1.26444067693867,1.18137951026501,1.09798736956478,1.01902058169333,0.944352690276103,0.881373949186815,0.835801120500562,0.811064277249134,0.808473931647619,0.827652580136873,0.86732119517267,0.924574335168948,0.994556751756876,1.06674659336422,1.14261444737954,1.21750777270179,1.28685218132162,1.34567749468988,1.38992141993702,1.41534241679049,1.4205555719422,1.40488182326028,1.36986833072078,1.31776982281592,1.25333920155739,1.18055836483059,1.10471426259893,1.02990531198819,0.95803948744534,0.89386675868516,0.845337706837376,0.815174057192156,0.807027218636402,0.820822108636651,0.856261360329776,0.910727986953193,0.981275810875151,1.05748321209369,1.13929407468802,1.22306352695158,1.30448995948388,1.37793242888252,1.43834806856291,1.48201759268012,1.50489600850739
1.51192006198733,1.48928429040191,1.44564369069068,1.38497461606465,1.31182955385113,1.2302991315021,1.14668537484338,1.06469747112712,0.98940701286841,0.918355315083766,0.863490993995106,0.827255682023826,0.812632499241013,0.819958956154072,0.848651937719891,0.896307243576702,0.958885230760032,1.02960524624682,1.10288191175164,1.17757351425589,1.24934679767533,1.31266035274589,1.36369470525739,1.39832213881268,1.41388046578659,1.40854563624748,1.38339820482528,1.34011146435288,1.28240066069541,1.21413973145727,1.1401471372495,1.06564932541426,0.994678327979708,0.926063185269753,0.870253754249637,0.831962305366239,0.813570620571134,0.817365553072041,0.842916589277944,0.888896575712118,0.951904027636103,1.02614481177942,1.10514723474915,1.18852825905669,1.27173180742582,1.34970311424482,1.41711435214628,1.46996458122026,1.50322344224067,1.51488015906597,1.50322344224066,1.46996458122027,1.41711435214627,1.34970311424483,1.27173180742582,1.18852825905669,1.10514723474915,1.02614481177942,0.951904027636103,0.888896575712116,0.842916589277943,0.81736555307204,0.813570620571132,0.831962305366234,0.870253754249634,0.926063185269756,0.994678327979701,1.06564932541425,1.14014713724949,1.21413973145726,1.28240066069542,1.34011146435289,1.38339820482528,1.40854563624748,1.41388046578659,1.39832213881267,1.36369470525739,1.3126603527459,1.24934679767533,1.17757351425589,1.10288191175163,1.02960524624681,0.958885230760032,0.8963072435767,0.848651937719891,0.819958956154077,0.812632499241012,0.827255682023819,0.863490993995106,0.918355315083763,0.98940701286841,1.06469747112713,1.14668537484338,1.23029913150211,1.31182955385113,1.38497461606466,1.44564369069067,1.48928429040191,1.51192006198733
1.53314710211245,1.51030108885906,1.46707204049956,1.40610550019792,1.3329928340526,1.25193045865416,1.16797485276172,1.08587759081865,1.0101245943909,0.940098532620538,0.884208870107947,0.846159095032556,0.829284874804559,0.833668643444995,0.858981899308397,0.902462248920543,0.960944470922823,1.02780421813648,1.09720790156579,1.16870839227695,1.23685358746685,1.29747023535343,1.34596965374846,1.37903271372207,1.39359022703495,1.38874873165895,1.3647017754875,1.32330367540214,1.26825936297397,1.20343550431611,1.13311588078052,1.06202664538032,0.994813033444431,0.9302644418071,0.878473717173149,0.843643432702569,0.828825394726682,0.83524040391603,0.862644184774247,0.910033483456325,0.974090947207274,1.04671345768266,1.12612815779145,1.20986465269435,1.2931474958901,1.37103350294378,1.43854064623704,1.49109812564754,1.52465028831967,1.53603418078481,1.52465028831968,1.49109812564755,1.43854064623704,1.37103350294377,1.29314749589011,1.20986465269436,1.12612815779145,1.04671345768266,0.974090947207271,0.910033483456323,0.862644184774243,0.835240403916033,0.828825394726682,0.843643432702569,0.878473717173145,0.930264441807104,0.994813033444427,1.06202664538032,1.13311588078052,1.20343550431611,1.26825936297397,1.32330367540215,1.3647017754875,1.38874873165894,1.39359022703496,1.37903271372207,1.34596965374846,1.29747023535342,1.23685358746685,1.16870839227694,1.09720790156578,1.02780421813648,0.960944470922818,0.902462248920544,0.858981899308397,0.833668643444993,0.829284874804556,0.846159095032555,0.884208870107945,0.940098532620533,1.0101245943909,1.08587759081865,1.16797485276172,1.25193045865416,1.3329928340526,1.40610550019793,1.46707204049957,1.51030108885905,1.53314710211246
1.56210045872985,1.54324846191247,1.50004369036533,1.43947651713706,1.36603474324858,1.28472245962121,1.2011230376703,1.11872085520527,1.04223476631125,0.973862552149723,0.916069235781492,0.875777643619256,0.854799736966645,0.854519775566833,0.873902201089002,0.911550563449294,0.963622186719689,1.02438157817731,1.08763338452769,1.15304958735143,1.21611174650972,1.27182816548035,1.31676943199231,1.34713493519128,1.36068005409404,1.3560636711119,1.33412378656143,1.29591946968251,1.24499964268761,1.1852647152461,1.12063868253735,1.05536545227199,0.994358096957022,0.936116183202573,0.890744575693352,0.862072005431734,0.852057986018157,0.862893968703084,0.89366562748701,0.943295578941207,1.00783499794642,1.07935338207157,1.15937270405857,1.24296158116706,1.32630838169124,1.40396684746145,1.47162445598046,1.52417318417506,1.55505808651555,1.56431337098984,1.55505808651555,1.52417318417506,1.47162445598046,1.40396684746144,1.32630838169123,1.24296158116706,1.15937270405858,1.07935338207157,1.00783499794642,0.943295578941208,0.893665627487012,0.862893968703085,0.85205798601816,0.862072005431732,0.890744575693351,0.936116183202572,0.994358096957017,1.05536545227199,1.12063868253734,1.1852647152461,1.24499964268761,1.29591946968251,1.33412378656143,1.3560636711119,1.36068005409404,1.34713493519128,1.31676943199232,1.27182816548035,1.21611174650971,1.15304958735143,1.08763338452768,1.02438157817731,0.963622186719692,0.911550563449293,0.873902201089001,0.854519775566836,0.854799736966648,0.875777643619254,0.916069235781489,0.973862552149723,1.04223476631125,1.11872085520527,1.2011230376703,1.28472245962121,1.36603474324859,1.43947651713707,1.50004369036533,1.54324846191247,1.56210045872985
1.5989362187935,1.57734387943079,1.54115528875047,1.48085095349429,1.40749418710484,1.32682028970023,1.24265575201326,1.15987172304363,1.08320309489631,1.01542429676947,0.956296544161518,0.912418994969901,0.886581033916048,0.880035603863929,0.892660611480048,0.922027074331942,0.965373435679391,1.0181047846916,1.07352858161694,1.13127167698957,1.18689009691514,1.23689783096071,1.27686820401979,1.30385733591995,1.31589683385771,1.31192655150435,1.29186483202267,1.25835859487554,1.21288397281757,1.15966086363185,1.10233313106029,1.04519510502576,0.992175412199552,0.942069951426001,0.905165109355619,0.883946331756499,0.880901839882124,0.897163560818249,0.932169549888464,0.985376115829009,1.04758165649204,1.12046836431636,1.2010236287008,1.28472819405096,1.36772183226721,1.44556892997385,1.51293556857006,1.56150494567986,1.59066031978533,1.60174270691856,1.59066031978533,1.56150494567986,1.51293556857006,1.44556892997385,1.36772183226722,1.28472819405096,1.20102362870081,1.12046836431636,1.04758165649204,0.985376115829012,0.932169549888466,0.897163560818251,0.880901839882123,0.8839463317565,0.90516510935562,0.942069951425999,0.992175412199552,1.04519510502575,1.10233313106029,1.15966086363184,1.21288397281758,1.25835859487554,1.29186483202268,1.31192655150436,1.31589683385771,1.30385733591995,1.27686820401979,1.23689783096071,1.18689009691514,1.13127167698956,1.07352858161694,1.01810478469159,0.965373435679392,0.922027074331943,0.892660611480049,0.880035603863931,0.886581033916047,0.912418994969899,0.956296544161518,1.01542429676946,1.08320309489631,1.15987172304363,1.24265575201325,1.32682028970022,1.40749418710484,1.48085095349429,1.54115528875047,1.57734387943079,1.59893621879351
1.64070214403451,1.61974258344226,1.57868295664581,1.52604015149093,1.45326172936585,1.3728381952824,1.2888878225028,1.20585732039747,1.12787493218211,1.05844124730279,1.00044266490766,0.952427026126025,0.92129234550323,0.907384734299727,0.911225894847131,0.93137896403821,0.964894896065297,1.00785651082208,1.05396675267468,1.10250404793669,1.15019015078766,1.19249607301499,1.22663429862453,1.24986021207985,1.26017428514728,1.25677653813556,1.23995723111119,1.21093805161306,1.17196679986685,1.12693333818943,1.07815695102845,1.03048973629213,0.986318282055258,0.946584933920298,0.919381621669912,0.907305885545915,0.912065549541868,0.934714459903331,0.974600606870506,1.02778121885639,1.0919052366816,1.16590958847034,1.24707375471725,1.33103360988463,1.41363911175363,1.49114078618559,1.55552587733048,1.60145567846876,1.63262174386711,1.64346641900043,1.63262174386711,1.60145567846876,1.55552587733049,1.49114078618559,1.41363911175363,1.33103360988463,1.24707375471726,1.16590958847034,1.09190523668161,1.02778121885638,0.974600606870502,0.934714459903334,0.912065549541868,0.907305885545919,0.919381621669907,0.946584933920301,0.986318282055257,1.03048973629212,1.07815695102845,1.12693333818942,1.17196679986685,1.21093805161306,1.23995723111119,1.25677653813557,1.26017428514728,1.24986021207985,1.22663429862453,1.192496073015,1.15019015078766,1.10250404793668,1.05396675267468,1.00785651082208,0.964894896065297,0.93137896403821,0.911225894847129,0.907384734299729,0.921292345503228,0.952427026126025,1.00044266490766,1.05844124730278,1.12787493218211,1.20585732039747,1.28888782250279,1.3728381952824,1.45326172936585,1.52604015149093,1.57868295664581,1.61974258344224,1.64070214403451
1.67551887296662,1.65719134866076,1.61918718733833,1.56474297416271,1.49757302968743,1.41769354478417,1.33413777792744,1.2512703361633,1.17256722451267,1.10126738346966,1.04073916700673,0.992483949615637,0.954405309690826,0.932826431935266,0.927573684577748,0.937203279979332,0.95948191157032,0.992635514375688,1.02847229834546,1.06699310270749,1.10512860492489,1.13958162735999,1.16773607267258,1.18633683697808,1.19498611989599,1.19202340212286,1.1784119943599,1.1544094916814,1.12292952304463,1.08616574493322,1.04739741017042,1.00970749213125,0.974462963425374,0.946916030947053,0.93060917692071,0.928318031740131,0.941574831781789,0.97089123911373,1.01490949485717,1.06958797853008,1.13578458070497,1.21132785892651,1.29236669805809,1.3760847743495,1.45844371328327,1.53455915058979,1.59281944886248,1.64110671418724,1.66886225423681,1.67777418228325,1.66886225423681,1.64110671418724,1.59281944886247,1.53455915058979,1.45844371328327,1.3760847743495,1.29236669805809,1.2113278589265,1.13578458070497,1.06958797853007,1.01490949485717,0.97089123911373,0.941574831781785,0.928318031740134,0.930609176920709,0.946916030947049,0.974462963425377,1.00970749213125,1.04739741017042,1.08616574493321,1.12292952304463,1.1544094916814,1.1784119943599,1.19202340212285,1.19498611989599,1.18633683697808,1.16773607267259,1.13958162735999,1.10512860492489,1.06699310270749,1.02847229834545,0.992635514375688,0.959481911570318,0.937203279979333,0.92757368457775,0.932826431935263,0.954405309690831,0.992483949615632,1.04073916700672,1.10126738346965,1.17256722451266,1.25127033616331,1.33413777792743,1.41769354478418,1.49757302968742,1.56474297416271,1.61918718733833,1.65719134866076,1.67551887296663
1.70148125634594,1.68401874942566,1.64998579515452,1.59621200690282,1.53383962891183,1.45558772620088,1.37306517495351,1.29040520469859,1.21170510211855,1.13912356883579,1.07556263147054,1.02335344502413,0.982163023346693,0.952434538202506,0.937816255495762,0.936917272702301,0.947569159016344,0.968124028955304,0.995733638665279,1.02392412588287,1.05234267676107,1.07869547323063,1.10023389966378,1.11491657145039,1.12151076062995,1.11952008583892,1.10856331095077,1.09036339855966,1.06599606728454,1.03835556727422,1.00943289296412,0.981454751061526,0.956849492224023,0.940983305087599,0.935783403209767,0.94342507548613,0.965186678973981,1.00138613888019,1.04769557782297,1.10621372388212,1.17442729588765,1.25042885291352,1.33138250821768,1.41429823800697,1.49541045961503,1.5656224991764,1.62534830771054,1.66916136888303,1.69529025068457,1.70374234847599,1.69529025068456,1.66916136888302,1.62534830771054,1.56562249917639,1.49541045961503,1.41429823800698,1.33138250821769,1.25042885291353,1.17442729588765,1.10621372388212,1.04769557782297,1.0013861388802,0.965186678973979,0.943425075486131,0.935783403209768,0.940983305087596,0.956849492224018,0.981454751061525,1.00943289296412,1.03835556727423,1.06599606728453,1.09036339855966,1.10856331095077,1.11952008583892,1.12151076062995,1.11491657145039,1.10023389966378,1.07869547323063,1.05234267676107,1.02392412588287,0.99573363866528,0.968124028955299,0.94756915901634,0.9369172727023,0.937816255495752,0.952434538202505,0.982163023346695,1.02335344502413,1.07556263147054,1.13912356883579,1.21170510211855,1.2904052046986,1.37306517495351,1.45558772620087,1.53383962891183,1.59621200690281,1.64998579515452,1.68401874942565,1.70148125634594
1.71386136624784,1.69709060125462,1.66455085829776,1.61470332833406,1.5541527284712,1.48006661392168,1.39926870484575,1.31830908273639,1.2398083037651,1.16651682800308,1.10090130062363,1.04481720181597,0.999581728275358,0.962910374288753,0.939102589404984,0.927532910452456,0.927236390449519,0.93585852040642,0.951029155234193,0.970731759447497,0.99257487277368,1.0104782218939,1.02594891853007,1.03652738467711,1.04095766310742,1.03955907928225,1.03180860216402,1.01882997481627,1.0018998672431,0.98161659387478,0.960508885373731,0.942966214698876,0.930312827197313,0.926326217785008,0.932154793912399,0.949714286771316,0.980031210536383,1.02083081721676,1.07167144057556,1.13265908229819,1.20232240189492,1.2786147062376,1.35882962831127,1.43985646651289,1.51889734351037,1.5836288502443,1.64245015855809,1.68280064511375,1.70727560646954,1.71559445092064,1.70727560646954,1.68280064511375,1.64245015855809,1.58362885024431,1.51889734351036,1.43985646651289,1.35882962831127,1.27861470623761,1.20232240189492,1.13265908229819,1.07167144057556,1.02083081721676,0.980031210536382,0.949714286771318,0.9321547939124,0.926326217785009,0.930312827197312,0.942966214698876,0.960508885373728,0.981616593874779,1.00189986724311,1.01882997481626,1.03180860216402,1.03955907928224,1.04095766310742,1.0365273846771,1.02594891853008,1.0104782218939,0.992574872773674,0.970731759447493,0.951029155234193,0.935858520406422,0.927236390449512,0.927532910452458,0.939102589404978,0.962910374288748,0.999581728275357,1.04481720181597,1.10090130062364,1.16651682800307,1.2398083037651,1.31830908273639,1.39926870484574,1.48006661392167,1.5541527284712,1.61470332833406,1.66455085829777,1.69709060125462,1.71386136624784
1.70663916095883,1.69077591904789,1.66024903885855,1.61321342991644,1.55548731640237,1.48532701354056,1.40789722059553,1.32911574946271,1.25210029757571,1.17911430657911,1.1122107754659,1.05317486741635,1.00375895091708,0.960919634363079,0.928807098801496,0.907664270224795,0.896199127910215,0.893540034685405,0.897907205238063,0.906866062662626,0.918006741007136,0.929633055110165,0.939928266514826,0.947157258973434,0.950492621791794,0.94920523001598,0.943913412248291,0.935051789424177,0.923763894428067,0.912262401511668,0.901823877596063,0.895143912653897,0.89417365781804,0.900916893186607,0.916772495799574,0.94343892848885,0.981489979055352,1.02725139267769,1.08164758880246,1.14467010176881,1.21468658540982,1.29032885226504,1.36856222347458,1.44685075822058,1.52225913916451,1.58376789772788,1.63946419803029,1.6772742365471,1.70071493488002,1.70831064963091,1.70071493488002,1.67727423654711,1.63946419803029,1.58376789772788,1.52225913916451,1.44685075822059,1.36856222347459,1.29032885226504,1.21468658540982,1.1446701017688,1.08164758880247,1.02725139267769,0.981489979055356,0.943438928488856,0.916772495799581,0.900916893186607,0.894173657818038,0.895143912653897,0.901823877596062,0.912262401511667,0.923763894428063,0.935051789424178,0.94391341224829,0.94920523001598,0.95049262179179,0.947157258973426,0.939928266514827,0.929633055110163,0.918006741007138,0.906866062662622,0.897907205238064,0.893540034685395,0.896199127910217,0.907664270224795,0.928807098801495,0.960919634363078,1.00375895091708,1.05317486741635,1.11221077546591,1.1791143065791,1.25210029757571,1.32911574946271,1.40789722059552,1.48532701354056,1.55548731640237,1.61321342991644,1.66024903885855,1.69077591904789,1.70663916095883
1.67653444721433,1.66180969522033,1.63220901415485,1.58674866010065,1.53477745997699,1.46685322785949,1.39384800270004,1.31880959451353,1.24435068205418,1.17255413605001,1.10600284288641,1.04562667100832,0.992740065134037,0.94347126114562,0.904024053895634,0.874272130652915,0.853605852303484,0.84066525736937,0.834517950927804,0.833683976073448,0.835949603319461,0.840050704439394,0.844349352116886,0.847677792354392,0.849340517482088,0.84862122886749,0.846381932948343,0.842421255598499,0.837896429407359,0.834635989557782,0.833596635418338,0.836959342189863,0.846083975526162,0.862802672721596,0.888135338597116,0.922556989916183,0.966359305697562,1.01808801943575,1.07465488849241,1.13871277070315,1.20803810773156,1.28144635959501,1.35633093671089,1.43072975422866,1.50159909984496,1.56207481276532,1.61101179708648,1.64925041831993,1.67085577879571,1.67812112603904,1.67085577879571,1.64925041831993,1.61101179708649,1.56207481276531,1.50159909984495,1.43072975422867,1.35633093671089,1.28144635959501,1.20803810773156,1.13871277070316,1.07465488849242,1.01808801943575,0.966359305697564,0.922556989916186,0.888135338597117,0.862802672721605,0.846083975526161,0.836959342189862,0.833596635418335,0.834635989557785,0.837896429407358,0.842421255598503,0.846381932948348,0.848621228867489,0.84934051748209,0.847677792354395,0.844349352116887,0.840050704439391,0.835949603319456,0.83368397607345,0.834517950927805,0.840665257369369,0.853605852303481,0.874272130652913,0.904024053895633,0.943471261145618,0.992740065134033,1.04562667100831,1.1060028428864,1.17255413605,1.24435068205419,1.31880959451353,1.39384800270003,1.46685322785949,1.53477745997699,1.58674866010065,1.63220901415484,1.66180969522032,1.67653444721434
1.61769307491356,1.60293620745374,1.57496322708716,1.53785418957981,1.4838685527783,1.42203918539606,1.3547256853048,1.28476406154376,1.21409326179025,1.14523342476349,1.07965882356135,1.019141468544,0.961073778796512,0.908515159710773,0.863527335384923,0.826723119204369,0.798015853049004,0.776499380640401,0.761162619178297,0.751670495337572,0.746201241230167,0.743389224319612,0.742382128418799,0.742100242676496,0.742281103178671,0.742189683681233,0.742197703178472,0.742635902214423,0.7443933758875,0.748292646134033,0.755866380775474,0.76820522797347,0.786258199273099,0.811497299914578,0.843997831763135,0.88503828905131,0.933822671429175,0.990798861127623,1.04846980665136,1.11182008107893,1.17927427557861,1.24937525366578,1.31986644971323,1.38890881288472,1.45367467085543,1.51229414171442,1.55862687674846,1.59012428440649,1.61223582191969,1.6195343715908,1.61223582191969,1.5901242844065,1.55862687674846,1.51229414171442,1.45367467085542,1.38890881288473,1.31986644971323,1.24937525366578,1.17927427557861,1.11182008107893,1.04846980665136,0.990798861127625,0.933822671429178,0.885038289051312,0.843997831763138,0.811497299914583,0.7862581992731,0.768205227973473,0.755866380775473,0.748292646134033,0.744393375887501,0.742635902214419,0.742197703178473,0.74218968368123,0.74228110317867,0.742100242676493,0.742382128418796,0.743389224319612,0.746201241230167,0.751670495337572,0.761162619178299,0.7764993806404,0.798015853049001,0.826723119204366,0.863527335384911,0.908515159710769,0.961073778796512,1.01914146854399,1.07965882356135,1.14523342476349,1.21409326179025,1.28476406154377,1.3547256853048,1.42203918539606,1.48386855277829,1.5378541895798,1.57496322708717,1.60293620745374,1.61769307491356
1.53159954337792,1.51809789035773,1.49177233337556,1.45345185998853,1.40562886180937,1.3504878262323,1.28965454529326,1.22569169731261,1.15998923697987,1.09508116376406,1.03224027432286,0.970438242796916,0.910044133275657,0.85494589399199,0.806187518424872,0.763985697749064,0.728948858178515,0.700402895194253,0.678141245283932,0.661246378231459,0.648805260036444,0.641108360926339,0.635921539447857,0.633191024484888,0.631792050599618,0.632350392607963,0.63417009988037,0.638274137330899,0.644349006375793,0.654600920454196,0.668819039110745,0.688531129181469,0.71376370105966,0.745493270804148,0.784196391069614,0.829561740332248,0.881753677147503,0.939404666904074,1.00196570279462,1.06329459283071,1.12749964758846,1.19278889753974,1.25805051957974,1.32067416037477,1.37886100522965,1.43065985080594,1.4739581436211,1.50631898547999,1.52641262012049,1.53348264038251,1.52641262012049,1.50631898547999,1.47395814362109,1.43065985080594,1.37886100522965,1.32067416037477,1.25805051957975,1.19278889753975,1.12749964758847,1.06329459283071,1.00196570279462,0.939404666904076,0.881753677147505,0.829561740332252,0.784196391069615,0.745493270804148,0.713763701059663,0.688531129181471,0.668819039110746,0.654600920454196,0.644349006375798,0.638274137330898,0.634170099880373,0.632350392607964,0.631792050599621,0.633191024484887,0.635921539447858,0.641108360926337,0.648805260036445,0.661246378231459,0.678141245283932,0.700402895194252,0.728948858178516,0.763985697749062,0.806187518424867,0.854945893991984,0.910044133275654,0.970438242796912,1.03224027432285,1.09508116376407,1.15998923697986,1.22569169731261,1.28965454529326,1.35048782623231,1.40562886180937,1.45345185998853,1.49177233337557,1.51809789035773,1.53159954337792
1.41040771709532,1.39920445982704,1.37637549081594,1.34356371770951,1.30250274026016,1.25387391348993,1.20001586474908,1.14244192515256,1.08291992253237,1.02324758487185,0.960815571041032,0.897763837581319,0.838199476587248,0.782327448150232,0.731370725005032,0.686074256260347,0.6464644610265,0.614028387413271,0.585772772930676,0.563208617564993,0.545401829237614,0.532536809092089,0.523186828115447,0.51780389010465,0.515565155489168,0.516295811167007,0.520182687256091,0.527356168776118,0.538584849877339,0.553629077457687,0.573699003357052,0.599362984090449,0.630410116742658,0.665531025928906,0.708038212628382,0.756322849468475,0.809487158829854,0.867667785598946,0.929028402712827,0.993461470792923,1.05307615159909,1.11314757570524,1.17156419826461,1.22775859193541,1.2787982410805,1.32419997010587,1.3611391361671,1.38905794758818,1.40639426766556,1.41191086837904,1.40639426766556,1.38905794758818,1.3611391361671,1.32419997010586,1.2787982410805,1.22775859193541,1.17156419826461,1.11314757570525,1.05307615159909,0.993461470792922,0.929028402712827,0.867667785598947,0.809487158829855,0.756322849468472,0.708038212628385,0.66553102592891,0.630410116742661,0.599362984090449,0.573699003357053,0.553629077457688,0.538584849877342,0.527356168776119,0.520182687256091,0.51629581116701,0.515565155489169,0.517803890104651,0.523186828115446,0.532536809092084,0.545401829237611,0.563208617564993,0.585772772930677,0.614028387413272,0.646464461026501,0.686074256260345,0.731370725005026,0.782327448150225,0.83819947658725,0.897763837581322,0.960815571041034,1.02324758487184,1.08291992253237,1.14244192515256,1.20001586474908,1.25387391348994,1.30250274026017,1.34356371770951,1.37637549081595,1.39920445982705,1.41040771709533
1.26885157266282,1.25921163518869,1.2404025270851,1.21244504343825,1.1772828221052,1.13567334683224,1.0886471323485,1.03816616372241,0.984214112484311,0.924057736285765,0.86361805321199,0.803906808438567,0.746037409795909,0.691416868055192,0.640714514050969,0.594137536462307,0.551993885866936,0.51525396581112,0.483641135869474,0.457705498277233,0.436638626727602,0.420300953612595,0.408607835464273,0.401290786762361,0.39839539478723,0.399226376748312,0.404641469694981,0.414036311696893,0.427910742602874,0.446641751460026,0.469988242736144,0.498815319100838,0.533076827488809,0.572461656526885,0.617415459624514,0.665309178200839,0.718197878600486,0.77488953988465,0.833676794266807,0.893845305099562,0.95391659052189,1.01173323995505,1.06378091875365,1.11285064755557,1.15723576201031,1.19602085881153,1.22726467799148,1.25102844159848,1.26508544472105,1.26998093866895,1.26508544472105,1.25102844159849,1.22726467799148,1.19602085881153,1.1572357620103,1.11285064755558,1.06378091875365,1.01173323995505,0.953916590521887,0.89384530509956,0.833676794266809,0.774889539884649,0.718197878600487,0.665309178200838,0.617415459624513,0.572461656526887,0.533076827488811,0.498815319100839,0.469988242736145,0.446641751460027,0.427910742602872,0.414036311696892,0.404641469694981,0.399226376748314,0.398395394787228,0.40129078676236,0.408607835464273,0.420300953612594,0.436638626727603,0.457705498277234,0.483641135869475,0.515253965811119,0.551993885866936,0.594137536462304,0.640714514050963,0.69141686805519,0.746037409795908,0.803906808438569,0.863618053211985,0.924057736285759,0.984214112484312,1.03816616372241,1.08864713234851,1.13567334683224,1.17728282210519,1.21244504343825,1.2404025270851,1.25921163518868,1.26885157266282
1.11161756555108,1.10328942859755,1.08762108077187,1.06446436879944,1.03494529000387,0.999273136763546,0.955275307604196,0.906971742617761,0.854891896744695,0.800837692530966,0.745341369936006,0.690099969248348,0.637018879895139,0.584184218842561,0.534021552870325,0.48762303417092,0.445757574791479,0.408057884739807,0.375266090449664,0.347404519346081,0.323910626270574,0.305608731987616,0.292339309279829,0.283931540064273,0.280442904272436,0.281726770890549,0.287457231361549,0.298247232686794,0.314105694513613,0.335342350443382,0.360823127488062,0.391133936144789,0.426402301306681,0.466067002045517,0.51031830213724,0.558579081774343,0.610273593458139,0.662701237139743,0.717692682398791,0.773247461140682,0.82788646871013,0.881220124003685,0.931499940070477,0.978150151729011,1.01773374496117,1.05039822051545,1.0767199381109,1.09642833546827,1.1084053257692,1.1124194205979,1.10840532576919,1.09642833546827,1.0767199381109,1.05039822051545,1.01773374496117,0.978150151729019,0.931499940070475,0.881220124003682,0.827886468710128,0.773247461140681,0.717692682398794,0.662701237139747,0.610273593458139,0.558579081774343,0.510318302137239,0.466067002045519,0.426402301306683,0.391133936144789,0.360823127488062,0.335342350443383,0.314105694513613,0.298247232686797,0.287457231361547,0.28172677089055,0.280442904272435,0.283931540064272,0.292339309279829,0.305608731987616,0.323910626270573,0.347404519346082,0.375266090449665,0.408057884739808,0.445757574791478,0.487623034170922,0.534021552870318,0.584184218842558,0.637018879895141,0.690099969248348,0.745341369936002,0.800837692530959,0.854891896744694,0.906971742617767,0.955275307604196,0.999273136763551,1.03494529000387,1.06446436879944,1.08762108077186,1.10328942859755,1.11161756555108
0.936534463985244,0.92906650711946,0.914942898209403,0.893524542092147,0.865999881858519,0.832688769574282,0.794784647929617,0.752359486413806,0.706453520326545,0.658560064412481,0.610043713533826,0.559617961154077,0.50967974145065,0.461017303539492,0.414507812400947,0.371087825872452,0.330592296728413,0.293298061609214,0.260636668297855,0.232553431787498,0.2090255233526,0.190204112299713,0.176111513600324,0.167458384686761,0.163815785434522,0.164778388221023,0.171108548065147,0.182474497312738,0.198928926300175,0.22011281460426,0.24594815620241,0.276567896228738,0.311114902918922,0.350286431402253,0.392436876661751,0.437452021530328,0.484939668253908,0.534184829198542,0.584898701443511,0.635140796639455,0.682825805720359,0.729678611100559,0.773982617179383,0.814266727943997,0.849956803516676,0.880774391873927,0.905017338885764,0.923033570556247,0.933609125763516,0.937394266893142,0.933609125763515,0.923033570556241,0.905017338885765,0.880774391873934,0.849956803516677,0.814266727943998,0.773982617179388,0.729678611100558,0.682825805720361,0.635140796639455,0.584898701443512,0.534184829198541,0.484939668253906,0.437452021530328,0.392436876661754,0.350286431402253,0.311114902918924,0.276567896228739,0.245948156202407,0.22011281460426,0.198928926300173,0.182474497312737,0.171108548065148,0.164778388221024,0.163815785434521,0.16745838468676,0.176111513600324,0.190204112299712,0.209025523352598,0.232553431787499,0.260636668297856,0.293298061609214,0.330592296728414,0.37108782587245,0.41450781240094,0.461017303539491,0.509679741450647,0.559617961154075,0.610043713533825,0.658560064412479,0.706453520326546,0.752359486413811,0.794784647929614,0.832688769574278,0.865999881858518,0.893524542092146,0.914942898209407,0.929066507119457,0.936534463985252
0.737424881326705,0.73144919894876,0.719352647985361,0.701567394042666,0.678312852431611,0.650277689354884,0.619159776441234,0.582366796918179,0.543012395263401,0.501236728087053,0.458186544496315,0.41454279361513,0.37085116063315,0.327859276186946,0.285215783316307,0.245296434193532,0.208018966342655,0.173729114555995,0.143224702513378,0.11628018525776,0.093563645720865,0.0755489852346226,0.0621792263443897,0.053279224569039,0.0497152859252614,0.0507789256570413,0.0572087348722142,0.0681743860818349,0.0838983809610454,0.104500865821712,0.129213642681425,0.157847296830777,0.190749462594265,0.226509925515914,0.264936298248385,0.305901135076063,0.348969106270433,0.392440490759159,0.436448680921645,0.479778395684664,0.522192868520153,0.562951168468901,0.601232549124234,0.635922788873808,0.665020104283944,0.690590874319037,0.71098279613164,0.726105529459494,0.735253570539393,0.738279192182763,0.735253570539395,0.726105529459494,0.710982796131639,0.690590874319039,0.665020104283945,0.635922788873817,0.601232549124237,0.562951168468902,0.52219286852015,0.479778395684665,0.436448680921645,0.392440490759157,0.34896910627043,0.305901135076065,0.264936298248385,0.226509925515915,0.190749462594267,0.157847296830777,0.129213642681428,0.104500865821712,0.0838983809610454,0.0681743860818349,0.0572087348722149,0.0507789256570417,0.0497152859252624,0.0532792245690391,0.0621792263443893,0.0755489852346229,0.0935636457208625,0.116280185257761,0.143224702513379,0.173729114555996,0.208018966342655,0.245296434193528,0.285215783316305,0.327859276186944,0.370851160633149,0.414542793615131,0.458186544496316,0.501236728087049,0.543012395263403,0.582366796918183,0.619159776441234,0.650277689354882,0.678312852431612,0.701567394042668,0.71935264798536,0.731449198948756,0.73742488132671
0.528308041288239,0.523342558963742,0.513485357364956,0.499265194981208,0.480101563849736,0.457243165755235,0.430715758262087,0.400758370163912,0.368509673275581,0.334092550996672,0.297438541172543,0.260477956397559,0.223362047497159,0.18638149132336,0.150037790747908,0.115393062086018,0.0825486922131989,0.0521430670110169,0.0249779077104264,0.000897008692615012,-1.25962225486417e-05,-2.11747874938918e-05,-3.05946541434772e-06,-1.33902017805728e-06,-2.92644383612481e-05,-1.89973802112068e-05,-3.00266885941597e-05,-2.63737979111725e-05,-4.65293847046241e-05,-1.89415438105017e-05,0.0123573851840318,0.0382782438519331,0.067197824199246,0.0987949745559748,0.132538716133279,0.168058933729753,0.204772291046379,0.241894287619038,0.279212545226653,0.315616346408085,0.351373228393467,0.384820109004281,0.416027562890589,0.444169250998148,0.469301701373764,0.490160806219426,0.506846286440607,0.519023067627115,0.526707515365564,0.52921809000838,0.526707515365565,0.519023067627117,0.506846286440606,0.490160806219426,0.469301701373765,0.444169250998149,0.416027562890589,0.384820109004281,0.351373228393466,0.315616346408085,0.279212545226654,0.241894287619037,0.20477229104638,0.168058933729753,0.13253871613328,0.0987949745559758,0.0671978241992453,0.0382782438519338,0.0123573851840312,-1.89415219857479e-05,-4.65294420619994e-05,-2.6373721200104e-05,-3.00267109578608e-05,-1.89973711342816e-05,-2.92646073960995e-05,-1.33909944435539e-06,-3.05926314444319e-06,-2.11747969726211e-05,-1.25959114931458e-05,0.000897008692616601,0.024977907710428,0.0521430670110183,0.0825486922131975,0.115393062086017,0.150037790747908,0.186381491323359,0.223362047497159,0.260477956397559,0.297438541172543,0.334092550996672,0.36850967327558,0.400758370163912,0.430715758262084,0.457243165755237,0.480101563849736,0.499265194981207,0.513485357364957,0.523342558963746,0.528308041288237
0.31545149054871,0.311557871132079,0.303684512527527,0.292401158193722,0.277790307447508,0.259422055883246,0.238576351359289,0.214826797092385,0.189381910137498,0.161661628742983,0.13263865392837,0.102919452150804,0.0727065495468512,0.0425181899289517,0.0131610339103426,-2.81793101013088e-05,-1.74970005868145e-05,-3.02784636492978e-05,-1.98399329834312e-05,-3.08985018457396e-05,-3.84191834876785e-06,-8.56522781782245e-06,-2.10856504438518e-06,-3.28877026815757e-05,-1.10089628350872e-05,-7.59022110144027e-06,-3.83547820976396e-05,-3.26109485971262e-06,-9.56942560411904e-06,-7.57815718192598e-06,-8.94188882099532e-07,-1.63255958702625e-05,-3.21160572666318e-05,-7.97414876993997e-06,-1.14672128159582e-05,0.0277364746703873,0.0576977605862698,0.0877229117723452,0.118087552055632,0.147486440391032,0.175699090537529,0.202495086865988,0.226921206294689,0.249597345813604,0.269000347572566,0.28563765155329,0.298704472368248,0.307995629924941,0.313933109940621,0.315710445320991,0.313933109940619,0.307995629924941,0.298704472368249,0.285637651553289,0.269000347572565,0.249597345813605,0.226921206294687,0.202495086865989,0.175699090537529,0.147486440391032,0.118087552055632,0.0877229117723448,0.0576977605862721,0.0277364746703864,-1.14672249389299e-05,-7.97416839618803e-06,-3.21157938802915e-05,-1.6325612060878e-05,-8.94188882099532e-07,-7.57884289478363e-06,-9.56947800592772e-06,-3.2610814335087e-06,-3.83547008392236e-05,-7.59012430127212e-06,-1.10090006763689e-05,-3.28876525754746e-05,-2.10833558010347e-06,-8.56521450080539e-06,-3.84200401721908e-06,-3.08985442393057e-05,-1.98399479715823e-05,-3.02784586012816e-05,-1.74969685414681e-05,-2.81793523756218e-05,0.0131610339103414,0.0425181899289507,0.072706549546852,0.102919452150804,0.132638653928371,0.161661628742981,0.189381910137497,0.214826797092385,0.238576351359289,0.259422055883246,0.277790307447508,0.292401158193721,0.303684512527526,0.311557871132082,0.31545149054871
0.106250968916031,0.103419647436878,0.0979408749860181,0.0894247251584251,0.0784035858090804,0.065189312090974,0.0494789854810015,0.0318406382435269,0.0125610237308794,-2.57696604067623e-06,-5.16401551324751e-06,-4.67154001610071e-05,-5.59912176406239e-06,-8.30136857549942e-06,-5.01621518512086e-05,-4.54483782115719e-05,-2.37477530944976e-05,-1.74170661446405e-05,-2.42529950585544e-05,-2.69645359172404e-07,-3.04627572457446e-06,-1.48614905898545e-05,-1.84366946171304e-05,-1.70435158515367e-05,-2.3961529759652e-05,-2.22332435713467e-06,-3.87674868964108e-06,-3.58669392613576e-06,-7.7816391634816e-06,-2.03296605641356e-05,-4.32912192955364e-07,-7.98422121553697e-06,-2.73734873032238e-05,-5.49816352851921e-06,-5.88575820310554e-06,-1.08432772681437e-05,-2.37713472230361e-05,-1.45864348409526e-06,-1.85989300365608e-06,-2.86004461381206e-05,0.00269814502945227,0.0225733815317278,0.0409790174635231,0.0575896277308687,0.0721631298598498,0.0841877245242498,0.0940330332161351,0.10108671435352,0.10527610044283,0.106703307752573,0.10527610044283,0.101086714353519,0.0940330332161373,0.0841877245242505,0.0721631298598474,0.0575896277308702,0.0409790174635228,0.0225733815317282,0.00269814502945181,-2.86004536725959e-05,-1.85990200903054e-06,-1.45866131077873e-06,-2.37712915175174e-05,-1.08430355665204e-05,-5.88564305150524e-06,-5.49818065489629e-06,-2.73734239966709e-05,-7.98401960968326e-06,-4.33081055679699e-07,-2.03299739549992e-05,-7.78165029488426e-06,-3.58668145328538e-06,-3.87686459857627e-06,-2.22329546385812e-06,-2.39614405429981e-05,-1.70434666928867e-05,-1.84367377593754e-05,-1.48612539745862e-05,-3.04609177411138e-06,-2.69721862435018e-07,-2.42532667948867e-05,-1.74170879466444e-05,-2.37477418110024e-05,-4.54484000405214e-05,-5.0162637136455e-05,-8.30152936803341e-06,-5.5991320020435e-06,-4.67154450050209e-05,-5.16402441077809e-06,-2.57698412561166e-06,0.0125610237308774,0.0318406382435287,0.0494789854810016,0.0651893120909763,0.0784035858090804,0.0894247251584242,0.0979408749860167,0.103419647436877,0.106250968916031
-2.47690178988656e-05,-3.20710762470323e-05,-2.05616915493143e-06,-1.03830904466547e-05,-3.73696897585876e-06,-1.10616072065754e-05,-1.36005820797744e-05,-8.12292970033736e-06,-1.4657209721072e-05,-3.11913730066202e-05,-2.28936655617395e-05,-6.39816255044255e-06,-2.26560330935412e-06,-1.0122766950643e-05,-3.16212112080304e-06,-3.66523909707785e-05,-8.55355374041962e-06,-2.9819617193026e-05,-5.71461203831786e-06,-1.48773593046517e-05,-2.20880913416942e-05,-9.66254638776867e-06,-6.83265758079856e-06,-1.00396961192725e-06,-8.20007387833625e-06,-5.93825663243479e-06,-6.30983826315278e-06,-1.12641230726247e-05,-3.10331866197333e-05,-9.08721421040217e-06,-8.70208390862564e-06,-2.03871866917518e-05,-1.04064781320571e-05,-3.15549426654682e-05,-6.75067592426683e-05,-5.76327859410909e-06,-4.47496957911513e-05,-3.45582891761314e-06,-5.37230293447205e-06,-2.18860241758156e-05,-3.10133450827502e-06,-4.5783062346164e-06,-1.54587104885769e-06,-2.4449273179772e-05,-3.48960351283726e-06,-4.30045772964055e-05,-5.26384244875707e-06,-4.4742412199421e-05,-1.08209926107074e-05,-4.68570647907986e-06,-1.08209966570142e-05,-4.47424830222923e-05,-5.26421159491783e-06,-4.30045774050394e-05,-3.489546565838e-06,-2.44493853236357e-05,-1.54584433879995e-06,-4.57844649961235e-06,-3.10120358179113e-06,-2.18857911970488e-05,-5.37244305844565e-06,-3.45581687631409e-06,-4.47497676157095e-05,-5.76328319994849e-06,-6.75068208176214e-05,-3.15548432165243e-05,-1.04062743515136e-05,-2.03864360934882e-05,-8.70214235476399e-06,-9.08729090976769e-06,-3.10331866197333e-05,-1.12641388677038e-05,-6.30983826315278e-06,-5.93816513568181e-06,-8.19997788643938e-06,-1.00429141306314e-06,-6.83273147690134e-06,-9.66258496874802e-06,-2.20880004790437e-05,-1.48775463822326e-05,-5.71464620939578e-06,-2.98197504714267e-05,-8.55378080450238e-06,-3.66523427220791e-05,-3.16208156624694e-06,-1.01227832327e-05,-2.26573872330071e-06,-6.39824854908108e-06,-2.28937512087342e-05,-3.11913730066202e-05,-1.46571174503889e-05,-8.12321145163978e-06,-1.36005874516255e-05,-1.10610182034579e-05,-3.73696661608246e-06,-1.03831178147974e-05,-2.05616251514074e-06,-3.20710762470323e-05,-2.47690217672791e-05
-4.23536805738367e-05,-3.26346492141342e-05,-6.39649369815171e-06,-1.08739418292559e-05,-2.5349031970308e-05,-1.24796931796145e-06,-2.39778296990435e-05,-2.8958745381219e-06,-6.19928663687384e-06,-1.14045724673998e-06,-1.00430733349091e-05,-3.59427077861117e-05,-2.40918811459745e-05,-5.15021333223319e-06,-1.1008913808501e-05,-7.47233213591234e-05,-1.44325953354365e-05,-1.97085506923227e-05,-1.52240004446753e-05,-4.76388226691464e-05,-1.41485090973449e-07,-2.00456839044436e-05,-1.77949038006267e-05,-1.69494018737163e-05,-3.73367734425454e-06,-5.31253070666802e-07,-3.46763544686991e-05,-5.95751959311235e-06,-7.10232703576952e-06,-5.75230288436832e-06,-2.56594109296748e-05,-1.17899058110368e-05,-1.83169044768813e-06,-3.72396195838994e-05,-4.62523002981076e-05,-3.17730162151733e-05,-1.34077830144006e-05,-2.93967780823898e-05,-7.49317900646075e-06,-3.46208439487682e-05,-1.26231438050805e-05,-4.27188577939911e-05,-2.15072075379808e-05,-8.09396644739871e-06,-6.15241264993506e-05,-6.75875854996414e-05,-3.54950916079854e-06,-6.40530325276813e-06,-4.65620346160534e-05,-8.34121891232874e-06,-4.65620683653486e-05,-6.40523363390589e-06,-3.54948998453318e-06,-6.75874100992959e-05,-6.15242744807381e-05,-8.0942554553406e-06,-2.15071490811163e-05,-4.27188836681942e-05,-1.26231680463366e-05,-3.46209883611367e-05,-7.49332714711139e-06,-2.93967780823898e-05,-1.34077668230387e-05,-3.17730139698552e-05,-4.62525179506675e-05,-3.7239655832759e-05,-1.8317206052074e-06,-1.17899046881351e-05,-2.56593783833945e-05,-5.75234922015223e-06,-7.10216336922288e-06,-5.95751959311235e-06,-3.46764388753453e-05,-5.30952259491882e-07,-3.73371777324725e-06,-1.69494018737163e-05,-1.77953853875794e-05,-2.00452114066015e-05,-1.4148273855799e-07,-4.76388610795174e-05,-1.52240058389745e-05,-1.97085531186556e-05,-1.44325953354365e-05,-7.47234470199575e-05,-1.10088572371914e-05,-5.1503731738608e-06,-2.40918628525085e-05,-3.59427829607887e-05,-1.00430383717249e-05,-1.14054138289835e-06,-6.19926141740992e-06,-2.89667877191849e-06,-2.39774455114867e-05,-1.24786723031972e-06,-2.53483720866579e-05,-1.08739734378337e-05,-6.39611986266434e-06,-3.26346630974306e-05,-4.23541187652369e-05
-8.83874653323935e-06,-8.55617696976968e-06,-1.22189648089658e-06,-8.42907920109882e-06,-4.75254117424049e-06,-8.34980400753628e-06,-2.42864760204205e-05,-6.3869759836788e-06,-3.93448820291478e-05,-7.20634740255449e-05,-1.9948663778446e-05,-3.0642694050682e-05,-7.49274296405711e-06,-1.31243410950902e-05,-6.37374475991214e-05,-4.54451221161627e-05,-3.45982501969911e-06,-1.58256372299984e-05,-4.31158209145227e-06,-2.72233476236278e-05,-6.50819543491578e-05,-1.39506210638274e-05,-4.43066145542386e-06,-7.32133365084313e-06,-1.86461973134578e-05,-8.35781317448396e-06,-1.2594257716855e-05,-1.57550074306077e-05,-1.04717525442448e-05,-7.54840644498739e-06,-1.08991278188444e-05,-5.46026259278188e-06,-3.74258976154288e-05,-1.73559965952361e-05,-3.77603598943809e-05,-2.96229200156583e-05,-1.66753870916053e-05,-4.79809529869135e-06,-1.3607356412477e-05,-2.357088762069e-05,-1.03433389016041e-05,-7.91090354588719e-06,-1.17383988235146e-05,-7.73361723153633e-06,-2.54184818610655e-06,-1.03523476552777e-05,-6.80924834130764e-06,-2.22129213760542e-06,-3.66628636751873e-05,-5.4902026420042e-06,-3.66628781186141e-05,-2.22125597563479e-06,-6.80939660565483e-06,-1.03522288565026e-05,-2.54198862770307e-06,-7.73349898159574e-06,-1.17384086322565e-05,-7.91101810465144e-06,-1.03433784787047e-05,-2.35706970380919e-05,-1.36074451825962e-05,-4.79810213787171e-06,-1.66752738689564e-05,-2.96227934110525e-05,-3.77603367014843e-05,-1.73559965952361e-05,-3.74258976154288e-05,-5.46026259278188e-06,-1.08991265719366e-05,-7.5484281004979e-06,-1.04717005588955e-05,-1.57556813404776e-05,-1.25941045976809e-05,-8.35792100584547e-06,-1.86462235748259e-05,-7.32126980603604e-06,-4.43063953459707e-06,-1.39508927276329e-05,-6.50819826735943e-05,-2.72233547499854e-05,-4.31210363362225e-06,-1.5825690085793e-05,-3.45983225565512e-06,-4.54450919778965e-05,-6.37374596114098e-05,-1.31243654479106e-05,-7.49279858073228e-06,-3.0642669079966e-05,-1.99487616693826e-05,-7.2063311270048e-05,-3.93450554209093e-05,-6.38710070552245e-06,-2.42864804721841e-05,-8.34988512169283e-06,-4.75266619640254e-06,-8.42930878467748e-06,-1.22206776910895e-06,-8.5560956325435e-06,-8.83883143856261e-06
-1.66369658236394e-05,-6.26803977127516e-05,-5.9689260131458e-06,-2.39472044679484e-05,-1.05539186822808e-05,-2.49789717622901e-05,-7.62970149985945e-06,-4.25559635291416e-06,-4.59515596792579e-06,-9.84690875960569e-06,-8.98764368284198e-07,-9.08698514957533e-06,-7.58433451691616e-06,-3.19975641259597e-05,-1.14511504536903e-05,-4.12962635781705e-06,-1.64795769267151e-05,-4.35235568393134e-05,-2.17566581600852e-05,-4.54282862423701e-06,-3.99754375606907e-06,-1.89755304251841e-05,-4.03870318199698e-05,-3.18420034946182e-06,-7.61856598020898e-06,-6.52200264921998e-05,-8.11917183816658e-06,-9.73627613090342e-08,-9.53446602803458e-06,-1.75139322664899e-06,-3.31726241318872e-05,-4.7203595158032e-06,-1.72644841172263e-05,-4.48881095947128e-06,-1.74301235725854e-06,-2.6643086278159e-05,-1.7790878205788e-06,-1.14732489148343e-05,-1.47804255805751e-05,-3.26500848226163e-05,-3.17548598954441e-05,-1.08948530296767e-05,-3.88697885778286e-06,-1.42359694964306e-05,-6.85879206295273e-06,-3.4587209018928e-05,-6.41480078038073e-06,-1.54786471355974e-05,-1.43073419872122e-05,-1.71020391418336e-05,-1.43091076875779e-05,-1.54789640397824e-05,-6.41410216811322e-06,-3.45871294221258e-05,-6.85842458645382e-06,-1.42359694964306e-05,-3.8869361127344e-06,-1.08948399379151e-05,-3.17548114009467e-05,-3.26501567867396e-05,-1.47806584307614e-05,-1.14731880900513e-05,-1.77915059799287e-06,-2.66453072221932e-05,-1.7429554129873e-06,-4.48916581780615e-06,-1.72642023054068e-05,-4.72037372355764e-06,-3.31725486764187e-05,-1.75139322664899e-06,-9.53465254790378e-06,-9.73805103118858e-08,-8.11943928882013e-06,-6.52197523786707e-05,-7.61835350306765e-06,-3.18411918517118e-06,-4.03875473849039e-05,-1.89754856659416e-05,-3.99780682964432e-06,-4.54279272273654e-06,-2.17563766174308e-05,-4.35231882727988e-05,-1.64794889794311e-05,-4.12949776990325e-06,-1.14495733631065e-05,-3.19973721231676e-05,-7.5843112273187e-06,-9.08710072265535e-06,-8.98947586532728e-07,-9.84690875960569e-06,-4.59513459570343e-06,-4.25557747531793e-06,-7.62960957293473e-06,-2.49789329956224e-05,-1.05538694280898e-05,-2.39474296238954e-05,-5.96886800714712e-06,-6.26804467501683e-05,-1.6636782727078e-05
